{
    "background": "bright",
    "classes": [
        "S.aureus"
    ],
    "colonies_number": 99,
    "labels": [
        {
            "class": "S.aureus",
            "height": 66,
            "id": 1,
            "width": 66,
            "x": 481,
            "y": 1888
        },
        {
            "class": "S.aureus",
            "height": 66,
            "id": 2,
            "width": 66,
            "x": 1260,
            "y": 2001
        },
        {
            "class": "S.aureus",
            "height": 66,
            "id": 3,
            "width": 66,
            "x": 1172,
            "y": 2284
        },
        {
            "class": "S.aureus",
            "height": 66,
            "id": 4,
            "width": 66,
            "x": 1268,
            "y": 2336
        },
        {
            "class": "S.aureus",
            "height": 66,
            "id": 5,
            "width": 66,
            "x": 1172,
            "y": 2426
        },
        {
            "class": "S.aureus",
            "height": 60,
            "id": 6,
            "width": 60,
            "x": 1460,
            "y": 2544
        },
        {
            "class": "S.aureus",
            "height": 66,
            "id": 7,
            "width": 66,
            "x": 1483,
            "y": 2774
        },
        {
            "class": "S.aureus",
            "height": 60,
            "id": 8,
            "width": 60,
            "x": 1690,
            "y": 2662
        },
        {
            "class": "S.aureus",
            "height": 55,
            "id": 9,
            "width": 55,
            "x": 1741,
            "y": 2574
        },
        {
            "class": "S.aureus",
            "height": 60,
            "id": 10,
            "width": 60,
            "x": 1721,
            "y": 2511
        },
        {
            "class": "S.aureus",
            "height": 60,
            "id": 11,
            "width": 60,
            "x": 1782,
            "y": 2661
        },
        {
            "class": "S.aureus",
            "height": 73,
            "id": 12,
            "width": 73,
            "x": 2139,
            "y": 3390
        },
        {
            "class": "S.aureus",
            "height": 73,
            "id": 13,
            "width": 73,
            "x": 2176,
            "y": 2787
        },
        {
            "class": "S.aureus",
            "height": 73,
            "id": 14,
            "width": 73,
            "x": 2569,
            "y": 2762
        },
        {
            "class": "S.aureus",
            "height": 73,
            "id": 15,
            "width": 73,
            "x": 2618,
            "y": 3002
        },
        {
            "class": "S.aureus",
            "height": 66,
            "id": 16,
            "width": 66,
            "x": 2625,
            "y": 3132
        },
        {
            "class": "S.aureus",
            "height": 60,
            "id": 17,
            "width": 60,
            "x": 2788,
            "y": 2943
        },
        {
            "class": "S.aureus",
            "height": 73,
            "id": 18,
            "width": 73,
            "x": 2830,
            "y": 2949
        },
        {
            "class": "S.aureus",
            "height": 66,
            "id": 19,
            "width": 66,
            "x": 2990,
            "y": 2719
        },
        {
            "class": "S.aureus",
            "height": 50,
            "id": 20,
            "width": 59,
            "x": 3067,
            "y": 2683
        },
        {
            "class": "S.aureus",
            "height": 50,
            "id": 21,
            "width": 65,
            "x": 3071,
            "y": 2640
        },
        {
            "class": "S.aureus",
            "height": 66,
            "id": 22,
            "width": 66,
            "x": 2398,
            "y": 2395
        },
        {
            "class": "S.aureus",
            "height": 66,
            "id": 23,
            "width": 66,
            "x": 2322,
            "y": 2292
        },
        {
            "class": "S.aureus",
            "height": 60,
            "id": 24,
            "width": 60,
            "x": 2456,
            "y": 2257
        },
        {
            "class": "S.aureus",
            "height": 60,
            "id": 25,
            "width": 60,
            "x": 2431,
            "y": 2189
        },
        {
            "class": "S.aureus",
            "height": 66,
            "id": 26,
            "width": 66,
            "x": 2110,
            "y": 2202
        },
        {
            "class": "S.aureus",
            "height": 66,
            "id": 27,
            "width": 66,
            "x": 2687,
            "y": 2377
        },
        {
            "class": "S.aureus",
            "height": 56,
            "id": 28,
            "width": 64,
            "x": 2679,
            "y": 2312
        },
        {
            "class": "S.aureus",
            "height": 55,
            "id": 29,
            "width": 62,
            "x": 2667,
            "y": 2285
        },
        {
            "class": "S.aureus",
            "height": 73,
            "id": 30,
            "width": 73,
            "x": 2686,
            "y": 2042
        },
        {
            "class": "S.aureus",
            "height": 55,
            "id": 31,
            "width": 55,
            "x": 2566,
            "y": 2038
        },
        {
            "class": "S.aureus",
            "height": 60,
            "id": 32,
            "width": 60,
            "x": 2545,
            "y": 2016
        },
        {
            "class": "S.aureus",
            "height": 66,
            "id": 33,
            "width": 66,
            "x": 2394,
            "y": 1962
        },
        {
            "class": "S.aureus",
            "height": 66,
            "id": 34,
            "width": 66,
            "x": 2570,
            "y": 1913
        },
        {
            "class": "S.aureus",
            "height": 54,
            "id": 35,
            "width": 60,
            "x": 1552,
            "y": 2279
        },
        {
            "class": "S.aureus",
            "height": 55,
            "id": 36,
            "width": 57,
            "x": 1535,
            "y": 2242
        },
        {
            "class": "S.aureus",
            "height": 66,
            "id": 37,
            "width": 66,
            "x": 1520,
            "y": 2096
        },
        {
            "class": "S.aureus",
            "height": 55,
            "id": 38,
            "width": 55,
            "x": 1666,
            "y": 2157
        },
        {
            "class": "S.aureus",
            "height": 50,
            "id": 39,
            "width": 54,
            "x": 1678,
            "y": 2114
        },
        {
            "class": "S.aureus",
            "height": 55,
            "id": 40,
            "width": 55,
            "x": 1744,
            "y": 2139
        },
        {
            "class": "S.aureus",
            "height": 60,
            "id": 41,
            "width": 60,
            "x": 1797,
            "y": 2155
        },
        {
            "class": "S.aureus",
            "height": 60,
            "id": 42,
            "width": 60,
            "x": 1547,
            "y": 1931
        },
        {
            "class": "S.aureus",
            "height": 48,
            "id": 43,
            "width": 59,
            "x": 2073,
            "y": 2088
        },
        {
            "class": "S.aureus",
            "height": 45,
            "id": 44,
            "width": 61,
            "x": 2079,
            "y": 2059
        },
        {
            "class": "S.aureus",
            "height": 60,
            "id": 45,
            "width": 60,
            "x": 2168,
            "y": 1900
        },
        {
            "class": "S.aureus",
            "height": 50,
            "id": 46,
            "width": 50,
            "x": 2226,
            "y": 1894
        },
        {
            "class": "S.aureus",
            "height": 55,
            "id": 47,
            "width": 57,
            "x": 2231,
            "y": 1937
        },
        {
            "class": "S.aureus",
            "height": 66,
            "id": 48,
            "width": 66,
            "x": 2012,
            "y": 1741
        },
        {
            "class": "S.aureus",
            "height": 66,
            "id": 49,
            "width": 66,
            "x": 2062,
            "y": 1588
        },
        {
            "class": "S.aureus",
            "height": 66,
            "id": 50,
            "width": 66,
            "x": 2021,
            "y": 1426
        },
        {
            "class": "S.aureus",
            "height": 66,
            "id": 51,
            "width": 66,
            "x": 2140,
            "y": 1460
        },
        {
            "class": "S.aureus",
            "height": 60,
            "id": 52,
            "width": 60,
            "x": 2316,
            "y": 1722
        },
        {
            "class": "S.aureus",
            "height": 66,
            "id": 53,
            "width": 66,
            "x": 2325,
            "y": 1638
        },
        {
            "class": "S.aureus",
            "height": 56,
            "id": 54,
            "width": 44,
            "x": 2181,
            "y": 1765
        },
        {
            "class": "S.aureus",
            "height": 55,
            "id": 55,
            "width": 32,
            "x": 2211,
            "y": 1770
        },
        {
            "class": "S.aureus",
            "height": 56,
            "id": 56,
            "width": 42,
            "x": 2222,
            "y": 1686
        },
        {
            "class": "S.aureus",
            "height": 53,
            "id": 57,
            "width": 35,
            "x": 2252,
            "y": 1695
        },
        {
            "class": "S.aureus",
            "height": 73,
            "id": 58,
            "width": 73,
            "x": 958,
            "y": 1400
        },
        {
            "class": "S.aureus",
            "height": 74,
            "id": 59,
            "width": 66,
            "x": 544,
            "y": 1340
        },
        {
            "class": "S.aureus",
            "height": 66,
            "id": 60,
            "width": 66,
            "x": 632,
            "y": 1164
        },
        {
            "class": "S.aureus",
            "height": 60,
            "id": 61,
            "width": 60,
            "x": 689,
            "y": 1211
        },
        {
            "class": "S.aureus",
            "height": 66,
            "id": 62,
            "width": 66,
            "x": 901,
            "y": 1052
        },
        {
            "class": "S.aureus",
            "height": 60,
            "id": 63,
            "width": 60,
            "x": 884,
            "y": 1117
        },
        {
            "class": "S.aureus",
            "height": 60,
            "id": 64,
            "width": 60,
            "x": 859,
            "y": 1161
        },
        {
            "class": "S.aureus",
            "height": 66,
            "id": 65,
            "width": 66,
            "x": 1191,
            "y": 724
        },
        {
            "class": "S.aureus",
            "height": 66,
            "id": 66,
            "width": 66,
            "x": 1314,
            "y": 767
        },
        {
            "class": "S.aureus",
            "height": 66,
            "id": 67,
            "width": 66,
            "x": 2020,
            "y": 1236
        },
        {
            "class": "S.aureus",
            "height": 66,
            "id": 68,
            "width": 66,
            "x": 2177,
            "y": 1191
        },
        {
            "class": "S.aureus",
            "height": 66,
            "id": 69,
            "width": 66,
            "x": 2213,
            "y": 1099
        },
        {
            "class": "S.aureus",
            "height": 66,
            "id": 70,
            "width": 66,
            "x": 2132,
            "y": 930
        },
        {
            "class": "S.aureus",
            "height": 66,
            "id": 71,
            "width": 66,
            "x": 2185,
            "y": 897
        },
        {
            "class": "S.aureus",
            "height": 60,
            "id": 72,
            "width": 60,
            "x": 2300,
            "y": 966
        },
        {
            "class": "S.aureus",
            "height": 60,
            "id": 73,
            "width": 60,
            "x": 2419,
            "y": 928
        },
        {
            "class": "S.aureus",
            "height": 66,
            "id": 74,
            "width": 66,
            "x": 2444,
            "y": 766
        },
        {
            "class": "S.aureus",
            "height": 60,
            "id": 75,
            "width": 60,
            "x": 2501,
            "y": 909
        },
        {
            "class": "S.aureus",
            "height": 66,
            "id": 76,
            "width": 66,
            "x": 2627,
            "y": 853
        },
        {
            "class": "S.aureus",
            "height": 66,
            "id": 77,
            "width": 66,
            "x": 2705,
            "y": 939
        },
        {
            "class": "S.aureus",
            "height": 55,
            "id": 78,
            "width": 55,
            "x": 2620,
            "y": 922
        },
        {
            "class": "S.aureus",
            "height": 55,
            "id": 79,
            "width": 55,
            "x": 2597,
            "y": 946
        },
        {
            "class": "S.aureus",
            "height": 60,
            "id": 80,
            "width": 60,
            "x": 2502,
            "y": 1089
        },
        {
            "class": "S.aureus",
            "height": 60,
            "id": 81,
            "width": 60,
            "x": 2477,
            "y": 1205
        },
        {
            "class": "S.aureus",
            "height": 60,
            "id": 82,
            "width": 60,
            "x": 2345,
            "y": 1157
        },
        {
            "class": "S.aureus",
            "height": 54,
            "id": 83,
            "width": 50,
            "x": 2394,
            "y": 1229
        },
        {
            "class": "S.aureus",
            "height": 56,
            "id": 84,
            "width": 50,
            "x": 2363,
            "y": 1215
        },
        {
            "class": "S.aureus",
            "height": 60,
            "id": 85,
            "width": 60,
            "x": 2498,
            "y": 1377
        },
        {
            "class": "S.aureus",
            "height": 55,
            "id": 86,
            "width": 55,
            "x": 2579,
            "y": 1354
        },
        {
            "class": "S.aureus",
            "height": 60,
            "id": 87,
            "width": 60,
            "x": 2603,
            "y": 1328
        },
        {
            "class": "S.aureus",
            "height": 60,
            "id": 88,
            "width": 60,
            "x": 2636,
            "y": 1448
        },
        {
            "class": "S.aureus",
            "height": 66,
            "id": 89,
            "width": 66,
            "x": 2563,
            "y": 1507
        },
        {
            "class": "S.aureus",
            "height": 66,
            "id": 90,
            "width": 66,
            "x": 2772,
            "y": 1419
        },
        {
            "class": "S.aureus",
            "height": 66,
            "id": 91,
            "width": 66,
            "x": 2848,
            "y": 1276
        },
        {
            "class": "S.aureus",
            "height": 55,
            "id": 92,
            "width": 50,
            "x": 2616,
            "y": 1184
        },
        {
            "class": "S.aureus",
            "height": 55,
            "id": 93,
            "width": 55,
            "x": 2614,
            "y": 1126
        },
        {
            "class": "S.aureus",
            "height": 60,
            "id": 94,
            "width": 55,
            "x": 2659,
            "y": 1187
        },
        {
            "class": "S.aureus",
            "height": 66,
            "id": 95,
            "width": 66,
            "x": 2910,
            "y": 1138
        },
        {
            "class": "S.aureus",
            "height": 60,
            "id": 96,
            "width": 60,
            "x": 2972,
            "y": 1232
        },
        {
            "class": "S.aureus",
            "height": 66,
            "id": 97,
            "width": 66,
            "x": 3002,
            "y": 1320
        },
        {
            "class": "S.aureus",
            "height": 66,
            "id": 98,
            "width": 66,
            "x": 2930,
            "y": 1484
        },
        {
            "class": "S.aureus",
            "height": 66,
            "id": 99,
            "width": 66,
            "x": 2930,
            "y": 1589
        }
    ],
    "sample_id": 349
}