{
    "background": "bright",
    "classes": [
        "S.aureus"
    ],
    "colonies_number": 298,
    "labels": [
        {
            "class": "S.aureus",
            "height": 46,
            "id": 1,
            "width": 44,
            "x": 645,
            "y": 1526
        },
        {
            "class": "S.aureus",
            "height": 33,
            "id": 2,
            "width": 35,
            "x": 666,
            "y": 1307
        },
        {
            "class": "S.aureus",
            "height": 41,
            "id": 3,
            "width": 38,
            "x": 713,
            "y": 1277
        },
        {
            "class": "S.aureus",
            "height": 54,
            "id": 4,
            "width": 53,
            "x": 993,
            "y": 1454
        },
        {
            "class": "S.aureus",
            "height": 41,
            "id": 5,
            "width": 40,
            "x": 809,
            "y": 1206
        },
        {
            "class": "S.aureus",
            "height": 17,
            "id": 6,
            "width": 19,
            "x": 1128,
            "y": 1611
        },
        {
            "class": "S.aureus",
            "height": 43,
            "id": 7,
            "width": 42,
            "x": 1397,
            "y": 1272
        },
        {
            "class": "S.aureus",
            "height": 45,
            "id": 8,
            "width": 41,
            "x": 1216,
            "y": 1101
        },
        {
            "class": "S.aureus",
            "height": 31,
            "id": 9,
            "width": 33,
            "x": 1200,
            "y": 1100
        },
        {
            "class": "S.aureus",
            "height": 45,
            "id": 10,
            "width": 45,
            "x": 1178,
            "y": 1119
        },
        {
            "class": "S.aureus",
            "height": 40,
            "id": 11,
            "width": 40,
            "x": 1140,
            "y": 819
        },
        {
            "class": "S.aureus",
            "height": 39,
            "id": 12,
            "width": 40,
            "x": 1161,
            "y": 780
        },
        {
            "class": "S.aureus",
            "height": 33,
            "id": 13,
            "width": 33,
            "x": 1109,
            "y": 684
        },
        {
            "class": "S.aureus",
            "height": 30,
            "id": 14,
            "width": 33,
            "x": 1067,
            "y": 684
        },
        {
            "class": "S.aureus",
            "height": 24,
            "id": 15,
            "width": 26,
            "x": 1079,
            "y": 700
        },
        {
            "class": "S.aureus",
            "height": 22,
            "id": 16,
            "width": 24,
            "x": 1099,
            "y": 699
        },
        {
            "class": "S.aureus",
            "height": 30,
            "id": 17,
            "width": 33,
            "x": 1082,
            "y": 714
        },
        {
            "class": "S.aureus",
            "height": 35,
            "id": 18,
            "width": 37,
            "x": 1337,
            "y": 856
        },
        {
            "class": "S.aureus",
            "height": 36,
            "id": 19,
            "width": 39,
            "x": 1335,
            "y": 832
        },
        {
            "class": "S.aureus",
            "height": 40,
            "id": 20,
            "width": 40,
            "x": 1421,
            "y": 832
        },
        {
            "class": "S.aureus",
            "height": 41,
            "id": 21,
            "width": 42,
            "x": 1411,
            "y": 725
        },
        {
            "class": "S.aureus",
            "height": 29,
            "id": 22,
            "width": 29,
            "x": 626,
            "y": 1604
        },
        {
            "class": "S.aureus",
            "height": 34,
            "id": 23,
            "width": 35,
            "x": 426,
            "y": 1957
        },
        {
            "class": "S.aureus",
            "height": 52,
            "id": 24,
            "width": 51,
            "x": 568,
            "y": 2404
        },
        {
            "class": "S.aureus",
            "height": 50,
            "id": 25,
            "width": 50,
            "x": 589,
            "y": 2484
        },
        {
            "class": "S.aureus",
            "height": 45,
            "id": 26,
            "width": 45,
            "x": 697,
            "y": 2493
        },
        {
            "class": "S.aureus",
            "height": 47,
            "id": 27,
            "width": 47,
            "x": 800,
            "y": 2258
        },
        {
            "class": "S.aureus",
            "height": 51,
            "id": 28,
            "width": 51,
            "x": 845,
            "y": 2287
        },
        {
            "class": "S.aureus",
            "height": 45,
            "id": 29,
            "width": 45,
            "x": 972,
            "y": 2390
        },
        {
            "class": "S.aureus",
            "height": 45,
            "id": 30,
            "width": 45,
            "x": 1039,
            "y": 2468
        },
        {
            "class": "S.aureus",
            "height": 48,
            "id": 31,
            "width": 49,
            "x": 1046,
            "y": 2513
        },
        {
            "class": "S.aureus",
            "height": 45,
            "id": 32,
            "width": 45,
            "x": 1163,
            "y": 2452
        },
        {
            "class": "S.aureus",
            "height": 48,
            "id": 33,
            "width": 50,
            "x": 1177,
            "y": 2363
        },
        {
            "class": "S.aureus",
            "height": 52,
            "id": 34,
            "width": 50,
            "x": 754,
            "y": 2602
        },
        {
            "class": "S.aureus",
            "height": 47,
            "id": 35,
            "width": 47,
            "x": 701,
            "y": 2656
        },
        {
            "class": "S.aureus",
            "height": 49,
            "id": 36,
            "width": 49,
            "x": 846,
            "y": 2720
        },
        {
            "class": "S.aureus",
            "height": 47,
            "id": 37,
            "width": 43,
            "x": 1000,
            "y": 2782
        },
        {
            "class": "S.aureus",
            "height": 50,
            "id": 38,
            "width": 52,
            "x": 951,
            "y": 2811
        },
        {
            "class": "S.aureus",
            "height": 37,
            "id": 39,
            "width": 39,
            "x": 928,
            "y": 2876
        },
        {
            "class": "S.aureus",
            "height": 39,
            "id": 40,
            "width": 40,
            "x": 930,
            "y": 2900
        },
        {
            "class": "S.aureus",
            "height": 41,
            "id": 41,
            "width": 40,
            "x": 998,
            "y": 2893
        },
        {
            "class": "S.aureus",
            "height": 42,
            "id": 42,
            "width": 41,
            "x": 1042,
            "y": 2921
        },
        {
            "class": "S.aureus",
            "height": 42,
            "id": 43,
            "width": 42,
            "x": 1089,
            "y": 3002
        },
        {
            "class": "S.aureus",
            "height": 23,
            "id": 44,
            "width": 24,
            "x": 1173,
            "y": 3135
        },
        {
            "class": "S.aureus",
            "height": 39,
            "id": 45,
            "width": 40,
            "x": 1369,
            "y": 3292
        },
        {
            "class": "S.aureus",
            "height": 39,
            "id": 46,
            "width": 40,
            "x": 1363,
            "y": 3167
        },
        {
            "class": "S.aureus",
            "height": 34,
            "id": 47,
            "width": 34,
            "x": 1156,
            "y": 2695
        },
        {
            "class": "S.aureus",
            "height": 37,
            "id": 48,
            "width": 35,
            "x": 1192,
            "y": 2670
        },
        {
            "class": "S.aureus",
            "height": 43,
            "id": 49,
            "width": 42,
            "x": 1150,
            "y": 2534
        },
        {
            "class": "S.aureus",
            "height": 38,
            "id": 50,
            "width": 39,
            "x": 1165,
            "y": 2576
        },
        {
            "class": "S.aureus",
            "height": 36,
            "id": 51,
            "width": 38,
            "x": 1179,
            "y": 2602
        },
        {
            "class": "S.aureus",
            "height": 40,
            "id": 52,
            "width": 41,
            "x": 1263,
            "y": 2553
        },
        {
            "class": "S.aureus",
            "height": 42,
            "id": 53,
            "width": 40,
            "x": 1311,
            "y": 2574
        },
        {
            "class": "S.aureus",
            "height": 42,
            "id": 54,
            "width": 42,
            "x": 1330,
            "y": 2617
        },
        {
            "class": "S.aureus",
            "height": 38,
            "id": 55,
            "width": 39,
            "x": 1379,
            "y": 2622
        },
        {
            "class": "S.aureus",
            "height": 40,
            "id": 56,
            "width": 41,
            "x": 1380,
            "y": 2581
        },
        {
            "class": "S.aureus",
            "height": 39,
            "id": 57,
            "width": 40,
            "x": 1416,
            "y": 2570
        },
        {
            "class": "S.aureus",
            "height": 41,
            "id": 58,
            "width": 39,
            "x": 1503,
            "y": 2737
        },
        {
            "class": "S.aureus",
            "height": 45,
            "id": 59,
            "width": 42,
            "x": 1248,
            "y": 2210
        },
        {
            "class": "S.aureus",
            "height": 42,
            "id": 60,
            "width": 42,
            "x": 1267,
            "y": 2268
        },
        {
            "class": "S.aureus",
            "height": 43,
            "id": 61,
            "width": 42,
            "x": 1363,
            "y": 2380
        },
        {
            "class": "S.aureus",
            "height": 51,
            "id": 62,
            "width": 51,
            "x": 1414,
            "y": 2339
        },
        {
            "class": "S.aureus",
            "height": 41,
            "id": 63,
            "width": 38,
            "x": 1510,
            "y": 2454
        },
        {
            "class": "S.aureus",
            "height": 37,
            "id": 64,
            "width": 35,
            "x": 1565,
            "y": 2475
        },
        {
            "class": "S.aureus",
            "height": 35,
            "id": 65,
            "width": 32,
            "x": 1583,
            "y": 2466
        },
        {
            "class": "S.aureus",
            "height": 30,
            "id": 66,
            "width": 31,
            "x": 1610,
            "y": 2455
        },
        {
            "class": "S.aureus",
            "height": 29,
            "id": 67,
            "width": 30,
            "x": 1584,
            "y": 2432
        },
        {
            "class": "S.aureus",
            "height": 33,
            "id": 68,
            "width": 36,
            "x": 1562,
            "y": 2438
        },
        {
            "class": "S.aureus",
            "height": 27,
            "id": 69,
            "width": 28,
            "x": 1568,
            "y": 2412
        },
        {
            "class": "S.aureus",
            "height": 33,
            "id": 70,
            "width": 38,
            "x": 1579,
            "y": 2393
        },
        {
            "class": "S.aureus",
            "height": 31,
            "id": 71,
            "width": 33,
            "x": 1586,
            "y": 2375
        },
        {
            "class": "S.aureus",
            "height": 34,
            "id": 72,
            "width": 35,
            "x": 1574,
            "y": 2328
        },
        {
            "class": "S.aureus",
            "height": 37,
            "id": 73,
            "width": 36,
            "x": 1635,
            "y": 2355
        },
        {
            "class": "S.aureus",
            "height": 39,
            "id": 74,
            "width": 38,
            "x": 1660,
            "y": 2359
        },
        {
            "class": "S.aureus",
            "height": 38,
            "id": 75,
            "width": 37,
            "x": 1780,
            "y": 2441
        },
        {
            "class": "S.aureus",
            "height": 48,
            "id": 76,
            "width": 47,
            "x": 1935,
            "y": 2600
        },
        {
            "class": "S.aureus",
            "height": 41,
            "id": 77,
            "width": 39,
            "x": 1860,
            "y": 3159
        },
        {
            "class": "S.aureus",
            "height": 42,
            "id": 78,
            "width": 40,
            "x": 1958,
            "y": 3306
        },
        {
            "class": "S.aureus",
            "height": 40,
            "id": 79,
            "width": 41,
            "x": 1918,
            "y": 3337
        },
        {
            "class": "S.aureus",
            "height": 41,
            "id": 80,
            "width": 40,
            "x": 1860,
            "y": 3356
        },
        {
            "class": "S.aureus",
            "height": 48,
            "id": 81,
            "width": 47,
            "x": 1827,
            "y": 3352
        },
        {
            "class": "S.aureus",
            "height": 44,
            "id": 82,
            "width": 40,
            "x": 1536,
            "y": 2247
        },
        {
            "class": "S.aureus",
            "height": 39,
            "id": 83,
            "width": 40,
            "x": 1611,
            "y": 2263
        },
        {
            "class": "S.aureus",
            "height": 39,
            "id": 84,
            "width": 36,
            "x": 1472,
            "y": 2177
        },
        {
            "class": "S.aureus",
            "height": 49,
            "id": 85,
            "width": 46,
            "x": 1415,
            "y": 2111
        },
        {
            "class": "S.aureus",
            "height": 42,
            "id": 86,
            "width": 40,
            "x": 1740,
            "y": 2305
        },
        {
            "class": "S.aureus",
            "height": 30,
            "id": 87,
            "width": 31,
            "x": 1680,
            "y": 2302
        },
        {
            "class": "S.aureus",
            "height": 29,
            "id": 88,
            "width": 32,
            "x": 1657,
            "y": 2276
        },
        {
            "class": "S.aureus",
            "height": 31,
            "id": 89,
            "width": 36,
            "x": 1654,
            "y": 2253
        },
        {
            "class": "S.aureus",
            "height": 38,
            "id": 90,
            "width": 35,
            "x": 1731,
            "y": 2253
        },
        {
            "class": "S.aureus",
            "height": 40,
            "id": 91,
            "width": 42,
            "x": 1672,
            "y": 2179
        },
        {
            "class": "S.aureus",
            "height": 33,
            "id": 92,
            "width": 33,
            "x": 1756,
            "y": 2208
        },
        {
            "class": "S.aureus",
            "height": 18,
            "id": 93,
            "width": 17,
            "x": 1781,
            "y": 2253
        },
        {
            "class": "S.aureus",
            "height": 27,
            "id": 94,
            "width": 27,
            "x": 1789,
            "y": 2233
        },
        {
            "class": "S.aureus",
            "height": 17,
            "id": 95,
            "width": 19,
            "x": 1795,
            "y": 2255
        },
        {
            "class": "S.aureus",
            "height": 21,
            "id": 96,
            "width": 22,
            "x": 1809,
            "y": 2256
        },
        {
            "class": "S.aureus",
            "height": 34,
            "id": 97,
            "width": 31,
            "x": 1823,
            "y": 2239
        },
        {
            "class": "S.aureus",
            "height": 37,
            "id": 98,
            "width": 33,
            "x": 1859,
            "y": 2230
        },
        {
            "class": "S.aureus",
            "height": 30,
            "id": 99,
            "width": 31,
            "x": 1796,
            "y": 2266
        },
        {
            "class": "S.aureus",
            "height": 29,
            "id": 100,
            "width": 32,
            "x": 1804,
            "y": 2280
        },
        {
            "class": "S.aureus",
            "height": 35,
            "id": 101,
            "width": 34,
            "x": 1853,
            "y": 2310
        },
        {
            "class": "S.aureus",
            "height": 40,
            "id": 102,
            "width": 40,
            "x": 1938,
            "y": 2275
        },
        {
            "class": "S.aureus",
            "height": 33,
            "id": 103,
            "width": 36,
            "x": 1896,
            "y": 2319
        },
        {
            "class": "S.aureus",
            "height": 39,
            "id": 104,
            "width": 39,
            "x": 1881,
            "y": 2357
        },
        {
            "class": "S.aureus",
            "height": 28,
            "id": 105,
            "width": 30,
            "x": 2005,
            "y": 2231
        },
        {
            "class": "S.aureus",
            "height": 42,
            "id": 106,
            "width": 42,
            "x": 2063,
            "y": 2087
        },
        {
            "class": "S.aureus",
            "height": 39,
            "id": 107,
            "width": 39,
            "x": 1946,
            "y": 2071
        },
        {
            "class": "S.aureus",
            "height": 38,
            "id": 108,
            "width": 37,
            "x": 1856,
            "y": 2140
        },
        {
            "class": "S.aureus",
            "height": 34,
            "id": 109,
            "width": 33,
            "x": 1813,
            "y": 2145
        },
        {
            "class": "S.aureus",
            "height": 34,
            "id": 110,
            "width": 37,
            "x": 1809,
            "y": 2097
        },
        {
            "class": "S.aureus",
            "height": 32,
            "id": 111,
            "width": 32,
            "x": 1771,
            "y": 2155
        },
        {
            "class": "S.aureus",
            "height": 30,
            "id": 112,
            "width": 36,
            "x": 1763,
            "y": 2135
        },
        {
            "class": "S.aureus",
            "height": 31,
            "id": 113,
            "width": 29,
            "x": 1747,
            "y": 2128
        },
        {
            "class": "S.aureus",
            "height": 28,
            "id": 114,
            "width": 31,
            "x": 1767,
            "y": 2114
        },
        {
            "class": "S.aureus",
            "height": 37,
            "id": 115,
            "width": 35,
            "x": 1779,
            "y": 2093
        },
        {
            "class": "S.aureus",
            "height": 45,
            "id": 116,
            "width": 45,
            "x": 1779,
            "y": 2033
        },
        {
            "class": "S.aureus",
            "height": 39,
            "id": 117,
            "width": 41,
            "x": 1868,
            "y": 2033
        },
        {
            "class": "S.aureus",
            "height": 33,
            "id": 118,
            "width": 33,
            "x": 1926,
            "y": 2019
        },
        {
            "class": "S.aureus",
            "height": 45,
            "id": 119,
            "width": 45,
            "x": 1596,
            "y": 1996
        },
        {
            "class": "S.aureus",
            "height": 47,
            "id": 120,
            "width": 47,
            "x": 1824,
            "y": 1954
        },
        {
            "class": "S.aureus",
            "height": 27,
            "id": 121,
            "width": 28,
            "x": 1917,
            "y": 1992
        },
        {
            "class": "S.aureus",
            "height": 30,
            "id": 122,
            "width": 31,
            "x": 1938,
            "y": 1985
        },
        {
            "class": "S.aureus",
            "height": 42,
            "id": 123,
            "width": 43,
            "x": 1925,
            "y": 1947
        },
        {
            "class": "S.aureus",
            "height": 37,
            "id": 124,
            "width": 39,
            "x": 1966,
            "y": 1922
        },
        {
            "class": "S.aureus",
            "height": 39,
            "id": 125,
            "width": 39,
            "x": 1941,
            "y": 1884
        },
        {
            "class": "S.aureus",
            "height": 32,
            "id": 126,
            "width": 32,
            "x": 1978,
            "y": 1858
        },
        {
            "class": "S.aureus",
            "height": 31,
            "id": 127,
            "width": 29,
            "x": 1987,
            "y": 1888
        },
        {
            "class": "S.aureus",
            "height": 30,
            "id": 128,
            "width": 28,
            "x": 2008,
            "y": 1874
        },
        {
            "class": "S.aureus",
            "height": 39,
            "id": 129,
            "width": 36,
            "x": 2015,
            "y": 1887
        },
        {
            "class": "S.aureus",
            "height": 35,
            "id": 130,
            "width": 36,
            "x": 1956,
            "y": 1797
        },
        {
            "class": "S.aureus",
            "height": 38,
            "id": 131,
            "width": 38,
            "x": 1987,
            "y": 1764
        },
        {
            "class": "S.aureus",
            "height": 41,
            "id": 132,
            "width": 41,
            "x": 2037,
            "y": 1769
        },
        {
            "class": "S.aureus",
            "height": 37,
            "id": 133,
            "width": 39,
            "x": 1946,
            "y": 1740
        },
        {
            "class": "S.aureus",
            "height": 35,
            "id": 134,
            "width": 35,
            "x": 2087,
            "y": 1714
        },
        {
            "class": "S.aureus",
            "height": 40,
            "id": 135,
            "width": 40,
            "x": 2108,
            "y": 1692
        },
        {
            "class": "S.aureus",
            "height": 30,
            "id": 136,
            "width": 33,
            "x": 2034,
            "y": 1694
        },
        {
            "class": "S.aureus",
            "height": 27,
            "id": 137,
            "width": 29,
            "x": 2039,
            "y": 1677
        },
        {
            "class": "S.aureus",
            "height": 35,
            "id": 138,
            "width": 34,
            "x": 2047,
            "y": 1650
        },
        {
            "class": "S.aureus",
            "height": 33,
            "id": 139,
            "width": 31,
            "x": 2013,
            "y": 1627
        },
        {
            "class": "S.aureus",
            "height": 32,
            "id": 140,
            "width": 31,
            "x": 1995,
            "y": 1670
        },
        {
            "class": "S.aureus",
            "height": 30,
            "id": 141,
            "width": 31,
            "x": 1981,
            "y": 1696
        },
        {
            "class": "S.aureus",
            "height": 33,
            "id": 142,
            "width": 29,
            "x": 1967,
            "y": 1657
        },
        {
            "class": "S.aureus",
            "height": 30,
            "id": 143,
            "width": 26,
            "x": 1952,
            "y": 1654
        },
        {
            "class": "S.aureus",
            "height": 42,
            "id": 144,
            "width": 41,
            "x": 1926,
            "y": 1598
        },
        {
            "class": "S.aureus",
            "height": 34,
            "id": 145,
            "width": 33,
            "x": 1981,
            "y": 1602
        },
        {
            "class": "S.aureus",
            "height": 45,
            "id": 146,
            "width": 45,
            "x": 1952,
            "y": 1500
        },
        {
            "class": "S.aureus",
            "height": 34,
            "id": 147,
            "width": 35,
            "x": 1975,
            "y": 1557
        },
        {
            "class": "S.aureus",
            "height": 28,
            "id": 148,
            "width": 29,
            "x": 2014,
            "y": 1577
        },
        {
            "class": "S.aureus",
            "height": 37,
            "id": 149,
            "width": 37,
            "x": 2049,
            "y": 1586
        },
        {
            "class": "S.aureus",
            "height": 31,
            "id": 150,
            "width": 29,
            "x": 2068,
            "y": 1576
        },
        {
            "class": "S.aureus",
            "height": 33,
            "id": 151,
            "width": 31,
            "x": 2053,
            "y": 1561
        },
        {
            "class": "S.aureus",
            "height": 32,
            "id": 152,
            "width": 32,
            "x": 2090,
            "y": 1560
        },
        {
            "class": "S.aureus",
            "height": 30,
            "id": 153,
            "width": 32,
            "x": 2063,
            "y": 1535
        },
        {
            "class": "S.aureus",
            "height": 35,
            "id": 154,
            "width": 35,
            "x": 2153,
            "y": 1541
        },
        {
            "class": "S.aureus",
            "height": 37,
            "id": 155,
            "width": 38,
            "x": 2157,
            "y": 1505
        },
        {
            "class": "S.aureus",
            "height": 39,
            "id": 156,
            "width": 35,
            "x": 2184,
            "y": 1537
        },
        {
            "class": "S.aureus",
            "height": 36,
            "id": 157,
            "width": 35,
            "x": 2053,
            "y": 1459
        },
        {
            "class": "S.aureus",
            "height": 38,
            "id": 158,
            "width": 39,
            "x": 2012,
            "y": 1451
        },
        {
            "class": "S.aureus",
            "height": 45,
            "id": 159,
            "width": 45,
            "x": 2503,
            "y": 1570
        },
        {
            "class": "S.aureus",
            "height": 43,
            "id": 160,
            "width": 43,
            "x": 2178,
            "y": 1387
        },
        {
            "class": "S.aureus",
            "height": 45,
            "id": 161,
            "width": 45,
            "x": 2155,
            "y": 1312
        },
        {
            "class": "S.aureus",
            "height": 43,
            "id": 162,
            "width": 39,
            "x": 2218,
            "y": 1334
        },
        {
            "class": "S.aureus",
            "height": 44,
            "id": 163,
            "width": 38,
            "x": 2254,
            "y": 1333
        },
        {
            "class": "S.aureus",
            "height": 41,
            "id": 164,
            "width": 40,
            "x": 2215,
            "y": 1248
        },
        {
            "class": "S.aureus",
            "height": 42,
            "id": 165,
            "width": 41,
            "x": 2178,
            "y": 1207
        },
        {
            "class": "S.aureus",
            "height": 43,
            "id": 166,
            "width": 43,
            "x": 2382,
            "y": 1317
        },
        {
            "class": "S.aureus",
            "height": 45,
            "id": 167,
            "width": 45,
            "x": 2149,
            "y": 1162
        },
        {
            "class": "S.aureus",
            "height": 38,
            "id": 168,
            "width": 38,
            "x": 2147,
            "y": 1131
        },
        {
            "class": "S.aureus",
            "height": 41,
            "id": 169,
            "width": 40,
            "x": 2166,
            "y": 1104
        },
        {
            "class": "S.aureus",
            "height": 41,
            "id": 170,
            "width": 43,
            "x": 2224,
            "y": 1117
        },
        {
            "class": "S.aureus",
            "height": 31,
            "id": 171,
            "width": 35,
            "x": 2328,
            "y": 1180
        },
        {
            "class": "S.aureus",
            "height": 11,
            "id": 172,
            "width": 11,
            "x": 2443,
            "y": 1198
        },
        {
            "class": "S.aureus",
            "height": 36,
            "id": 173,
            "width": 36,
            "x": 2346,
            "y": 1138
        },
        {
            "class": "S.aureus",
            "height": 42,
            "id": 174,
            "width": 41,
            "x": 2362,
            "y": 1095
        },
        {
            "class": "S.aureus",
            "height": 38,
            "id": 175,
            "width": 37,
            "x": 2342,
            "y": 1068
        },
        {
            "class": "S.aureus",
            "height": 42,
            "id": 176,
            "width": 43,
            "x": 2370,
            "y": 1052
        },
        {
            "class": "S.aureus",
            "height": 33,
            "id": 177,
            "width": 35,
            "x": 2295,
            "y": 1105
        },
        {
            "class": "S.aureus",
            "height": 36,
            "id": 178,
            "width": 36,
            "x": 2290,
            "y": 1089
        },
        {
            "class": "S.aureus",
            "height": 41,
            "id": 179,
            "width": 36,
            "x": 2275,
            "y": 1077
        },
        {
            "class": "S.aureus",
            "height": 36,
            "id": 180,
            "width": 37,
            "x": 2308,
            "y": 1063
        },
        {
            "class": "S.aureus",
            "height": 51,
            "id": 181,
            "width": 50,
            "x": 2410,
            "y": 957
        },
        {
            "class": "S.aureus",
            "height": 38,
            "id": 182,
            "width": 39,
            "x": 2402,
            "y": 921
        },
        {
            "class": "S.aureus",
            "height": 50,
            "id": 183,
            "width": 52,
            "x": 2274,
            "y": 955
        },
        {
            "class": "S.aureus",
            "height": 27,
            "id": 184,
            "width": 29,
            "x": 2232,
            "y": 879
        },
        {
            "class": "S.aureus",
            "height": 43,
            "id": 185,
            "width": 40,
            "x": 2424,
            "y": 852
        },
        {
            "class": "S.aureus",
            "height": 40,
            "id": 186,
            "width": 40,
            "x": 2391,
            "y": 842
        },
        {
            "class": "S.aureus",
            "height": 45,
            "id": 187,
            "width": 45,
            "x": 2350,
            "y": 819
        },
        {
            "class": "S.aureus",
            "height": 45,
            "id": 188,
            "width": 45,
            "x": 2427,
            "y": 799
        },
        {
            "class": "S.aureus",
            "height": 47,
            "id": 189,
            "width": 49,
            "x": 2286,
            "y": 632
        },
        {
            "class": "S.aureus",
            "height": 47,
            "id": 190,
            "width": 47,
            "x": 2156,
            "y": 756
        },
        {
            "class": "S.aureus",
            "height": 48,
            "id": 191,
            "width": 50,
            "x": 2032,
            "y": 830
        },
        {
            "class": "S.aureus",
            "height": 11,
            "id": 192,
            "width": 10,
            "x": 1926,
            "y": 804
        },
        {
            "class": "S.aureus",
            "height": 46,
            "id": 193,
            "width": 47,
            "x": 1904,
            "y": 613
        },
        {
            "class": "S.aureus",
            "height": 29,
            "id": 194,
            "width": 30,
            "x": 1647,
            "y": 772
        },
        {
            "class": "S.aureus",
            "height": 33,
            "id": 195,
            "width": 34,
            "x": 1724,
            "y": 991
        },
        {
            "class": "S.aureus",
            "height": 45,
            "id": 196,
            "width": 47,
            "x": 2580,
            "y": 874
        },
        {
            "class": "S.aureus",
            "height": 39,
            "id": 197,
            "width": 40,
            "x": 2827,
            "y": 620
        },
        {
            "class": "S.aureus",
            "height": 37,
            "id": 198,
            "width": 36,
            "x": 3100,
            "y": 855
        },
        {
            "class": "S.aureus",
            "height": 45,
            "id": 199,
            "width": 45,
            "x": 3197,
            "y": 921
        },
        {
            "class": "S.aureus",
            "height": 41,
            "id": 200,
            "width": 36,
            "x": 2886,
            "y": 942
        },
        {
            "class": "S.aureus",
            "height": 46,
            "id": 201,
            "width": 45,
            "x": 2922,
            "y": 942
        },
        {
            "class": "S.aureus",
            "height": 39,
            "id": 202,
            "width": 39,
            "x": 3325,
            "y": 1077
        },
        {
            "class": "S.aureus",
            "height": 27,
            "id": 203,
            "width": 27,
            "x": 3329,
            "y": 1120
        },
        {
            "class": "S.aureus",
            "height": 48,
            "id": 204,
            "width": 45,
            "x": 3287,
            "y": 1190
        },
        {
            "class": "S.aureus",
            "height": 32,
            "id": 205,
            "width": 34,
            "x": 3254,
            "y": 1255
        },
        {
            "class": "S.aureus",
            "height": 36,
            "id": 206,
            "width": 40,
            "x": 3238,
            "y": 1286
        },
        {
            "class": "S.aureus",
            "height": 36,
            "id": 207,
            "width": 39,
            "x": 3225,
            "y": 1315
        },
        {
            "class": "S.aureus",
            "height": 42,
            "id": 208,
            "width": 42,
            "x": 3194,
            "y": 1386
        },
        {
            "class": "S.aureus",
            "height": 38,
            "id": 209,
            "width": 43,
            "x": 3139,
            "y": 1505
        },
        {
            "class": "S.aureus",
            "height": 35,
            "id": 210,
            "width": 35,
            "x": 3135,
            "y": 1526
        },
        {
            "class": "S.aureus",
            "height": 46,
            "id": 211,
            "width": 46,
            "x": 3116,
            "y": 1555
        },
        {
            "class": "S.aureus",
            "height": 18,
            "id": 212,
            "width": 16,
            "x": 3239,
            "y": 1586
        },
        {
            "class": "S.aureus",
            "height": 40,
            "id": 213,
            "width": 38,
            "x": 3528,
            "y": 1675
        },
        {
            "class": "S.aureus",
            "height": 33,
            "id": 214,
            "width": 32,
            "x": 3470,
            "y": 1678
        },
        {
            "class": "S.aureus",
            "height": 44,
            "id": 215,
            "width": 42,
            "x": 3435,
            "y": 1677
        },
        {
            "class": "S.aureus",
            "height": 45,
            "id": 216,
            "width": 45,
            "x": 3240,
            "y": 1757
        },
        {
            "class": "S.aureus",
            "height": 44,
            "id": 217,
            "width": 44,
            "x": 3175,
            "y": 1752
        },
        {
            "class": "S.aureus",
            "height": 39,
            "id": 218,
            "width": 40,
            "x": 3062,
            "y": 1680
        },
        {
            "class": "S.aureus",
            "height": 45,
            "id": 219,
            "width": 45,
            "x": 2942,
            "y": 1654
        },
        {
            "class": "S.aureus",
            "height": 40,
            "id": 220,
            "width": 41,
            "x": 2749,
            "y": 1701
        },
        {
            "class": "S.aureus",
            "height": 26,
            "id": 221,
            "width": 24,
            "x": 2764,
            "y": 1747
        },
        {
            "class": "S.aureus",
            "height": 42,
            "id": 222,
            "width": 43,
            "x": 3034,
            "y": 1738
        },
        {
            "class": "S.aureus",
            "height": 41,
            "id": 223,
            "width": 43,
            "x": 3010,
            "y": 1791
        },
        {
            "class": "S.aureus",
            "height": 42,
            "id": 224,
            "width": 44,
            "x": 2991,
            "y": 1836
        },
        {
            "class": "S.aureus",
            "height": 44,
            "id": 225,
            "width": 46,
            "x": 3508,
            "y": 1964
        },
        {
            "class": "S.aureus",
            "height": 39,
            "id": 226,
            "width": 40,
            "x": 3512,
            "y": 2003
        },
        {
            "class": "S.aureus",
            "height": 35,
            "id": 227,
            "width": 35,
            "x": 3569,
            "y": 2086
        },
        {
            "class": "S.aureus",
            "height": 45,
            "id": 228,
            "width": 45,
            "x": 3541,
            "y": 2191
        },
        {
            "class": "S.aureus",
            "height": 45,
            "id": 229,
            "width": 45,
            "x": 3430,
            "y": 2083
        },
        {
            "class": "S.aureus",
            "height": 45,
            "id": 230,
            "width": 45,
            "x": 3347,
            "y": 2067
        },
        {
            "class": "S.aureus",
            "height": 37,
            "id": 231,
            "width": 37,
            "x": 3413,
            "y": 2297
        },
        {
            "class": "S.aureus",
            "height": 39,
            "id": 232,
            "width": 32,
            "x": 3597,
            "y": 2502
        },
        {
            "class": "S.aureus",
            "height": 49,
            "id": 233,
            "width": 50,
            "x": 3478,
            "y": 2495
        },
        {
            "class": "S.aureus",
            "height": 47,
            "id": 234,
            "width": 46,
            "x": 3442,
            "y": 2560
        },
        {
            "class": "S.aureus",
            "height": 45,
            "id": 235,
            "width": 45,
            "x": 3248,
            "y": 2487
        },
        {
            "class": "S.aureus",
            "height": 37,
            "id": 236,
            "width": 38,
            "x": 3404,
            "y": 2793
        },
        {
            "class": "S.aureus",
            "height": 34,
            "id": 237,
            "width": 32,
            "x": 3430,
            "y": 2801
        },
        {
            "class": "S.aureus",
            "height": 40,
            "id": 238,
            "width": 39,
            "x": 3189,
            "y": 2775
        },
        {
            "class": "S.aureus",
            "height": 33,
            "id": 239,
            "width": 37,
            "x": 3139,
            "y": 2797
        },
        {
            "class": "S.aureus",
            "height": 40,
            "id": 240,
            "width": 43,
            "x": 3154,
            "y": 2822
        },
        {
            "class": "S.aureus",
            "height": 39,
            "id": 241,
            "width": 38,
            "x": 3030,
            "y": 2833
        },
        {
            "class": "S.aureus",
            "height": 42,
            "id": 242,
            "width": 43,
            "x": 2976,
            "y": 2727
        },
        {
            "class": "S.aureus",
            "height": 38,
            "id": 243,
            "width": 39,
            "x": 2926,
            "y": 2784
        },
        {
            "class": "S.aureus",
            "height": 38,
            "id": 244,
            "width": 40,
            "x": 2945,
            "y": 2819
        },
        {
            "class": "S.aureus",
            "height": 38,
            "id": 245,
            "width": 34,
            "x": 2911,
            "y": 2818
        },
        {
            "class": "S.aureus",
            "height": 45,
            "id": 246,
            "width": 45,
            "x": 2903,
            "y": 2861
        },
        {
            "class": "S.aureus",
            "height": 37,
            "id": 247,
            "width": 40,
            "x": 3041,
            "y": 2598
        },
        {
            "class": "S.aureus",
            "height": 45,
            "id": 248,
            "width": 45,
            "x": 3028,
            "y": 2535
        },
        {
            "class": "S.aureus",
            "height": 45,
            "id": 249,
            "width": 45,
            "x": 2787,
            "y": 2919
        },
        {
            "class": "S.aureus",
            "height": 45,
            "id": 250,
            "width": 45,
            "x": 2813,
            "y": 2955
        },
        {
            "class": "S.aureus",
            "height": 45,
            "id": 251,
            "width": 45,
            "x": 2664,
            "y": 3173
        },
        {
            "class": "S.aureus",
            "height": 39,
            "id": 252,
            "width": 39,
            "x": 2604,
            "y": 3178
        },
        {
            "class": "S.aureus",
            "height": 45,
            "id": 253,
            "width": 45,
            "x": 2592,
            "y": 3209
        },
        {
            "class": "S.aureus",
            "height": 40,
            "id": 254,
            "width": 41,
            "x": 2683,
            "y": 3229
        },
        {
            "class": "S.aureus",
            "height": 40,
            "id": 255,
            "width": 39,
            "x": 2710,
            "y": 3275
        },
        {
            "class": "S.aureus",
            "height": 42,
            "id": 256,
            "width": 42,
            "x": 2821,
            "y": 3349
        },
        {
            "class": "S.aureus",
            "height": 24,
            "id": 257,
            "width": 25,
            "x": 2789,
            "y": 3377
        },
        {
            "class": "S.aureus",
            "height": 45,
            "id": 258,
            "width": 45,
            "x": 2521,
            "y": 3498
        },
        {
            "class": "S.aureus",
            "height": 48,
            "id": 259,
            "width": 51,
            "x": 2403,
            "y": 3377
        },
        {
            "class": "S.aureus",
            "height": 12,
            "id": 260,
            "width": 12,
            "x": 2282,
            "y": 3339
        },
        {
            "class": "S.aureus",
            "height": 46,
            "id": 261,
            "width": 49,
            "x": 2295,
            "y": 3231
        },
        {
            "class": "S.aureus",
            "height": 47,
            "id": 262,
            "width": 49,
            "x": 2407,
            "y": 3182
        },
        {
            "class": "S.aureus",
            "height": 28,
            "id": 263,
            "width": 30,
            "x": 2659,
            "y": 3315
        },
        {
            "class": "S.aureus",
            "height": 22,
            "id": 264,
            "width": 21,
            "x": 2701,
            "y": 3360
        },
        {
            "class": "S.aureus",
            "height": 45,
            "id": 265,
            "width": 45,
            "x": 2323,
            "y": 3083
        },
        {
            "class": "S.aureus",
            "height": 45,
            "id": 266,
            "width": 45,
            "x": 2399,
            "y": 3052
        },
        {
            "class": "S.aureus",
            "height": 40,
            "id": 267,
            "width": 44,
            "x": 2547,
            "y": 2979
        },
        {
            "class": "S.aureus",
            "height": 45,
            "id": 268,
            "width": 45,
            "x": 2613,
            "y": 2945
        },
        {
            "class": "S.aureus",
            "height": 45,
            "id": 269,
            "width": 45,
            "x": 2406,
            "y": 2876
        },
        {
            "class": "S.aureus",
            "height": 39,
            "id": 270,
            "width": 40,
            "x": 2500,
            "y": 2838
        },
        {
            "class": "S.aureus",
            "height": 34,
            "id": 271,
            "width": 37,
            "x": 2502,
            "y": 2806
        },
        {
            "class": "S.aureus",
            "height": 35,
            "id": 272,
            "width": 38,
            "x": 2542,
            "y": 2829
        },
        {
            "class": "S.aureus",
            "height": 37,
            "id": 273,
            "width": 37,
            "x": 2532,
            "y": 2808
        },
        {
            "class": "S.aureus",
            "height": 45,
            "id": 274,
            "width": 45,
            "x": 2469,
            "y": 2628
        },
        {
            "class": "S.aureus",
            "height": 45,
            "id": 275,
            "width": 45,
            "x": 2281,
            "y": 2693
        },
        {
            "class": "S.aureus",
            "height": 42,
            "id": 276,
            "width": 43,
            "x": 2566,
            "y": 2492
        },
        {
            "class": "S.aureus",
            "height": 50,
            "id": 277,
            "width": 54,
            "x": 2711,
            "y": 2428
        },
        {
            "class": "S.aureus",
            "height": 40,
            "id": 278,
            "width": 42,
            "x": 2745,
            "y": 2379
        },
        {
            "class": "S.aureus",
            "height": 32,
            "id": 279,
            "width": 40,
            "x": 2768,
            "y": 2335
        },
        {
            "class": "S.aureus",
            "height": 41,
            "id": 280,
            "width": 40,
            "x": 2777,
            "y": 2309
        },
        {
            "class": "S.aureus",
            "height": 40,
            "id": 281,
            "width": 42,
            "x": 2807,
            "y": 2247
        },
        {
            "class": "S.aureus",
            "height": 37,
            "id": 282,
            "width": 40,
            "x": 2820,
            "y": 2228
        },
        {
            "class": "S.aureus",
            "height": 17,
            "id": 283,
            "width": 15,
            "x": 2872,
            "y": 2244
        },
        {
            "class": "S.aureus",
            "height": 39,
            "id": 284,
            "width": 41,
            "x": 2688,
            "y": 2319
        },
        {
            "class": "S.aureus",
            "height": 38,
            "id": 285,
            "width": 39,
            "x": 2676,
            "y": 2309
        },
        {
            "class": "S.aureus",
            "height": 45,
            "id": 286,
            "width": 45,
            "x": 2572,
            "y": 2247
        },
        {
            "class": "S.aureus",
            "height": 39,
            "id": 287,
            "width": 40,
            "x": 2508,
            "y": 2231
        },
        {
            "class": "S.aureus",
            "height": 40,
            "id": 288,
            "width": 42,
            "x": 2483,
            "y": 2237
        },
        {
            "class": "S.aureus",
            "height": 41,
            "id": 289,
            "width": 43,
            "x": 2490,
            "y": 2122
        },
        {
            "class": "S.aureus",
            "height": 41,
            "id": 290,
            "width": 42,
            "x": 2429,
            "y": 2148
        },
        {
            "class": "S.aureus",
            "height": 38,
            "id": 291,
            "width": 40,
            "x": 2344,
            "y": 2136
        },
        {
            "class": "S.aureus",
            "height": 39,
            "id": 292,
            "width": 47,
            "x": 2837,
            "y": 2182
        },
        {
            "class": "S.aureus",
            "height": 37,
            "id": 293,
            "width": 34,
            "x": 2845,
            "y": 2158
        },
        {
            "class": "S.aureus",
            "height": 45,
            "id": 294,
            "width": 45,
            "x": 2873,
            "y": 2085
        },
        {
            "class": "S.aureus",
            "height": 44,
            "id": 295,
            "width": 40,
            "x": 2824,
            "y": 2022
        },
        {
            "class": "S.aureus",
            "height": 40,
            "id": 296,
            "width": 41,
            "x": 2916,
            "y": 2009
        },
        {
            "class": "S.aureus",
            "height": 49,
            "id": 297,
            "width": 49,
            "x": 2958,
            "y": 1899
        },
        {
            "class": "S.aureus",
            "height": 42,
            "id": 298,
            "width": 43,
            "x": 2751,
            "y": 1921
        }
    ],
    "sample_id": 518
}