{
    "background": "bright",
    "classes": [
        "B.subtilis"
    ],
    "colonies_number": 83,
    "labels": [
        {
            "class": "B.subtilis",
            "height": 279,
            "id": 1,
            "width": 279,
            "x": 749,
            "y": 766
        },
        {
            "class": "B.subtilis",
            "height": 231,
            "id": 2,
            "width": 275,
            "x": 1193,
            "y": 495
        },
        {
            "class": "B.subtilis",
            "height": 178,
            "id": 3,
            "width": 284,
            "x": 1144,
            "y": 397
        },
        {
            "class": "B.subtilis",
            "height": 231,
            "id": 4,
            "width": 231,
            "x": 1884,
            "y": 308
        },
        {
            "class": "B.subtilis",
            "height": 231,
            "id": 5,
            "width": 231,
            "x": 2080,
            "y": 311
        },
        {
            "class": "B.subtilis",
            "height": 279,
            "id": 6,
            "width": 313,
            "x": 1942,
            "y": 528
        },
        {
            "class": "B.subtilis",
            "height": 231,
            "id": 7,
            "width": 231,
            "x": 2281,
            "y": 731
        },
        {
            "class": "B.subtilis",
            "height": 231,
            "id": 8,
            "width": 231,
            "x": 2351,
            "y": 475
        },
        {
            "class": "B.subtilis",
            "height": 223,
            "id": 9,
            "width": 173,
            "x": 2481,
            "y": 292
        },
        {
            "class": "B.subtilis",
            "height": 202,
            "id": 10,
            "width": 173,
            "x": 2341,
            "y": 289
        },
        {
            "class": "B.subtilis",
            "height": 173,
            "id": 11,
            "width": 261,
            "x": 2688,
            "y": 777
        },
        {
            "class": "B.subtilis",
            "height": 157,
            "id": 12,
            "width": 224,
            "x": 2713,
            "y": 939
        },
        {
            "class": "B.subtilis",
            "height": 190,
            "id": 13,
            "width": 190,
            "x": 2712,
            "y": 1169
        },
        {
            "class": "B.subtilis",
            "height": 190,
            "id": 14,
            "width": 199,
            "x": 2558,
            "y": 1290
        },
        {
            "class": "B.subtilis",
            "height": 202,
            "id": 15,
            "width": 181,
            "x": 2469,
            "y": 1106
        },
        {
            "class": "B.subtilis",
            "height": 157,
            "id": 16,
            "width": 157,
            "x": 2569,
            "y": 1073
        },
        {
            "class": "B.subtilis",
            "height": 254,
            "id": 17,
            "width": 254,
            "x": 2050,
            "y": 1332
        },
        {
            "class": "B.subtilis",
            "height": 307,
            "id": 18,
            "width": 307,
            "x": 1833,
            "y": 1622
        },
        {
            "class": "B.subtilis",
            "height": 210,
            "id": 19,
            "width": 210,
            "x": 2911,
            "y": 1457
        },
        {
            "class": "B.subtilis",
            "height": 190,
            "id": 20,
            "width": 190,
            "x": 2752,
            "y": 1541
        },
        {
            "class": "B.subtilis",
            "height": 210,
            "id": 21,
            "width": 229,
            "x": 2794,
            "y": 1691
        },
        {
            "class": "B.subtilis",
            "height": 190,
            "id": 22,
            "width": 222,
            "x": 3199,
            "y": 1202
        },
        {
            "class": "B.subtilis",
            "height": 155,
            "id": 23,
            "width": 196,
            "x": 3203,
            "y": 1385
        },
        {
            "class": "B.subtilis",
            "height": 254,
            "id": 24,
            "width": 226,
            "x": 3414,
            "y": 1202
        },
        {
            "class": "B.subtilis",
            "height": 231,
            "id": 25,
            "width": 149,
            "x": 3585,
            "y": 1633
        },
        {
            "class": "B.subtilis",
            "height": 222,
            "id": 26,
            "width": 193,
            "x": 3428,
            "y": 1657
        },
        {
            "class": "B.subtilis",
            "height": 254,
            "id": 27,
            "width": 254,
            "x": 2469,
            "y": 1907
        },
        {
            "class": "B.subtilis",
            "height": 240,
            "id": 28,
            "width": 231,
            "x": 3083,
            "y": 1868
        },
        {
            "class": "B.subtilis",
            "height": 173,
            "id": 29,
            "width": 142,
            "x": 3220,
            "y": 1995
        },
        {
            "class": "B.subtilis",
            "height": 190,
            "id": 30,
            "width": 190,
            "x": 3337,
            "y": 1953
        },
        {
            "class": "B.subtilis",
            "height": 97,
            "id": 31,
            "width": 140,
            "x": 3315,
            "y": 2118
        },
        {
            "class": "B.subtilis",
            "height": 210,
            "id": 32,
            "width": 210,
            "x": 3275,
            "y": 2178
        },
        {
            "class": "B.subtilis",
            "height": 166,
            "id": 33,
            "width": 199,
            "x": 3079,
            "y": 2185
        },
        {
            "class": "B.subtilis",
            "height": 143,
            "id": 34,
            "width": 143,
            "x": 3111,
            "y": 2327
        },
        {
            "class": "B.subtilis",
            "height": 210,
            "id": 35,
            "width": 229,
            "x": 2888,
            "y": 2285
        },
        {
            "class": "B.subtilis",
            "height": 231,
            "id": 36,
            "width": 246,
            "x": 2509,
            "y": 2499
        },
        {
            "class": "B.subtilis",
            "height": 157,
            "id": 37,
            "width": 184,
            "x": 2932,
            "y": 2484
        },
        {
            "class": "B.subtilis",
            "height": 210,
            "id": 38,
            "width": 194,
            "x": 3118,
            "y": 2487
        },
        {
            "class": "B.subtilis",
            "height": 157,
            "id": 39,
            "width": 173,
            "x": 2967,
            "y": 2610
        },
        {
            "class": "B.subtilis",
            "height": 150,
            "id": 40,
            "width": 157,
            "x": 3107,
            "y": 2666
        },
        {
            "class": "B.subtilis",
            "height": 157,
            "id": 41,
            "width": 178,
            "x": 2889,
            "y": 2733
        },
        {
            "class": "B.subtilis",
            "height": 210,
            "id": 42,
            "width": 210,
            "x": 2967,
            "y": 2866
        },
        {
            "class": "B.subtilis",
            "height": 223,
            "id": 43,
            "width": 207,
            "x": 2750,
            "y": 2849
        },
        {
            "class": "B.subtilis",
            "height": 168,
            "id": 44,
            "width": 142,
            "x": 2691,
            "y": 2756
        },
        {
            "class": "B.subtilis",
            "height": 173,
            "id": 45,
            "width": 173,
            "x": 2573,
            "y": 2713
        },
        {
            "class": "B.subtilis",
            "height": 130,
            "id": 46,
            "width": 169,
            "x": 2568,
            "y": 2894
        },
        {
            "class": "B.subtilis",
            "height": 159,
            "id": 47,
            "width": 121,
            "x": 2562,
            "y": 2955
        },
        {
            "class": "B.subtilis",
            "height": 193,
            "id": 48,
            "width": 226,
            "x": 2633,
            "y": 3084
        },
        {
            "class": "B.subtilis",
            "height": 157,
            "id": 49,
            "width": 157,
            "x": 2430,
            "y": 3062
        },
        {
            "class": "B.subtilis",
            "height": 118,
            "id": 50,
            "width": 118,
            "x": 2446,
            "y": 2949
        },
        {
            "class": "B.subtilis",
            "height": 231,
            "id": 51,
            "width": 282,
            "x": 1959,
            "y": 3179
        },
        {
            "class": "B.subtilis",
            "height": 173,
            "id": 52,
            "width": 173,
            "x": 2195,
            "y": 2730
        },
        {
            "class": "B.subtilis",
            "height": 180,
            "id": 53,
            "width": 157,
            "x": 2107,
            "y": 2776
        },
        {
            "class": "B.subtilis",
            "height": 210,
            "id": 54,
            "width": 210,
            "x": 2109,
            "y": 2509
        },
        {
            "class": "B.subtilis",
            "height": 130,
            "id": 55,
            "width": 117,
            "x": 2197,
            "y": 3035
        },
        {
            "class": "B.subtilis",
            "height": 143,
            "id": 56,
            "width": 170,
            "x": 2234,
            "y": 2900
        },
        {
            "class": "B.subtilis",
            "height": 210,
            "id": 57,
            "width": 172,
            "x": 2286,
            "y": 2976
        },
        {
            "class": "B.subtilis",
            "height": 190,
            "id": 58,
            "width": 190,
            "x": 1936,
            "y": 2971
        },
        {
            "class": "B.subtilis",
            "height": 157,
            "id": 59,
            "width": 134,
            "x": 1865,
            "y": 2916
        },
        {
            "class": "B.subtilis",
            "height": 160,
            "id": 60,
            "width": 113,
            "x": 1781,
            "y": 2871
        },
        {
            "class": "B.subtilis",
            "height": 190,
            "id": 61,
            "width": 190,
            "x": 1635,
            "y": 2897
        },
        {
            "class": "B.subtilis",
            "height": 157,
            "id": 62,
            "width": 157,
            "x": 1632,
            "y": 2741
        },
        {
            "class": "B.subtilis",
            "height": 118,
            "id": 63,
            "width": 118,
            "x": 1804,
            "y": 2717
        },
        {
            "class": "B.subtilis",
            "height": 107,
            "id": 64,
            "width": 107,
            "x": 1842,
            "y": 2816
        },
        {
            "class": "B.subtilis",
            "height": 157,
            "id": 65,
            "width": 135,
            "x": 1896,
            "y": 2746
        },
        {
            "class": "B.subtilis",
            "height": 190,
            "id": 66,
            "width": 190,
            "x": 1930,
            "y": 2297
        },
        {
            "class": "B.subtilis",
            "height": 190,
            "id": 67,
            "width": 190,
            "x": 1790,
            "y": 2216
        },
        {
            "class": "B.subtilis",
            "height": 254,
            "id": 68,
            "width": 254,
            "x": 1839,
            "y": 2478
        },
        {
            "class": "B.subtilis",
            "height": 173,
            "id": 69,
            "width": 156,
            "x": 1662,
            "y": 2280
        },
        {
            "class": "B.subtilis",
            "height": 307,
            "id": 70,
            "width": 307,
            "x": 1538,
            "y": 1976
        },
        {
            "class": "B.subtilis",
            "height": 173,
            "id": 71,
            "width": 173,
            "x": 1521,
            "y": 2344
        },
        {
            "class": "B.subtilis",
            "height": 130,
            "id": 72,
            "width": 130,
            "x": 1480,
            "y": 2296
        },
        {
            "class": "B.subtilis",
            "height": 190,
            "id": 73,
            "width": 190,
            "x": 1415,
            "y": 2479
        },
        {
            "class": "B.subtilis",
            "height": 190,
            "id": 74,
            "width": 190,
            "x": 1403,
            "y": 2656
        },
        {
            "class": "B.subtilis",
            "height": 173,
            "id": 75,
            "width": 153,
            "x": 1538,
            "y": 2597
        },
        {
            "class": "B.subtilis",
            "height": 307,
            "id": 76,
            "width": 307,
            "x": 1508,
            "y": 1599
        },
        {
            "class": "B.subtilis",
            "height": 313,
            "id": 77,
            "width": 279,
            "x": 848,
            "y": 1755
        },
        {
            "class": "B.subtilis",
            "height": 231,
            "id": 78,
            "width": 202,
            "x": 1060,
            "y": 1898
        },
        {
            "class": "B.subtilis",
            "height": 279,
            "id": 79,
            "width": 260,
            "x": 1187,
            "y": 1903
        },
        {
            "class": "B.subtilis",
            "height": 190,
            "id": 80,
            "width": 151,
            "x": 1411,
            "y": 2075
        },
        {
            "class": "B.subtilis",
            "height": 143,
            "id": 81,
            "width": 152,
            "x": 1291,
            "y": 2149
        },
        {
            "class": "B.subtilis",
            "height": 279,
            "id": 82,
            "width": 279,
            "x": 1153,
            "y": 2200
        },
        {
            "class": "B.subtilis",
            "height": 231,
            "id": 83,
            "width": 231,
            "x": 1287,
            "y": 2312
        }
    ],
    "sample_id": 525
}