{
    "background": "bright",
    "classes": [
        "E.coli"
    ],
    "colonies_number": 54,
    "labels": [
        {
            "class": "E.coli",
            "height": 173,
            "id": 1,
            "width": 173,
            "x": 1703,
            "y": 591
        },
        {
            "class": "E.coli",
            "height": 157,
            "id": 2,
            "width": 157,
            "x": 1888,
            "y": 761
        },
        {
            "class": "E.coli",
            "height": 171,
            "id": 3,
            "width": 157,
            "x": 2046,
            "y": 669
        },
        {
            "class": "E.coli",
            "height": 190,
            "id": 4,
            "width": 190,
            "x": 2120,
            "y": 721
        },
        {
            "class": "E.coli",
            "height": 85,
            "id": 5,
            "width": 80,
            "x": 1681,
            "y": 749
        },
        {
            "class": "E.coli",
            "height": 107,
            "id": 6,
            "width": 107,
            "x": 1618,
            "y": 709
        },
        {
            "class": "Contamination",
            "height": 28,
            "id": 7,
            "width": 28,
            "x": 1273,
            "y": 953
        },
        {
            "class": "Contamination",
            "height": 23,
            "id": 8,
            "width": 23,
            "x": 1533,
            "y": 995
        },
        {
            "class": "E.coli",
            "height": 190,
            "id": 9,
            "width": 190,
            "x": 1644,
            "y": 810
        },
        {
            "class": "E.coli",
            "height": 190,
            "id": 10,
            "width": 219,
            "x": 1391,
            "y": 789
        },
        {
            "class": "E.coli",
            "height": 210,
            "id": 11,
            "width": 210,
            "x": 1356,
            "y": 942
        },
        {
            "class": "E.coli",
            "height": 210,
            "id": 12,
            "width": 205,
            "x": 1523,
            "y": 1443
        },
        {
            "class": "Contamination",
            "height": 23,
            "id": 13,
            "width": 23,
            "x": 1687,
            "y": 1530
        },
        {
            "class": "Contamination",
            "height": 28,
            "id": 14,
            "width": 28,
            "x": 1726,
            "y": 1533
        },
        {
            "class": "Contamination",
            "height": 45,
            "id": 15,
            "width": 45,
            "x": 1861,
            "y": 1539
        },
        {
            "class": "Contamination",
            "height": 25,
            "id": 16,
            "width": 25,
            "x": 2057,
            "y": 1637
        },
        {
            "class": "Contamination",
            "height": 37,
            "id": 17,
            "width": 37,
            "x": 2077,
            "y": 1711
        },
        {
            "class": "Contamination",
            "height": 34,
            "id": 18,
            "width": 34,
            "x": 2177,
            "y": 1738
        },
        {
            "class": "Contamination",
            "height": 41,
            "id": 19,
            "width": 41,
            "x": 2223,
            "y": 1810
        },
        {
            "class": "Contamination",
            "height": 37,
            "id": 20,
            "width": 37,
            "x": 2097,
            "y": 1936
        },
        {
            "class": "Contamination",
            "height": 37,
            "id": 21,
            "width": 37,
            "x": 2250,
            "y": 2065
        },
        {
            "class": "Contamination",
            "height": 41,
            "id": 22,
            "width": 41,
            "x": 2437,
            "y": 2259
        },
        {
            "class": "Contamination",
            "height": 45,
            "id": 23,
            "width": 45,
            "x": 1916,
            "y": 2249
        },
        {
            "class": "Contamination",
            "height": 28,
            "id": 24,
            "width": 28,
            "x": 1476,
            "y": 2572
        },
        {
            "class": "Contamination",
            "height": 17,
            "id": 25,
            "width": 17,
            "x": 1903,
            "y": 3206
        },
        {
            "class": "Contamination",
            "height": 21,
            "id": 26,
            "width": 21,
            "x": 1966,
            "y": 3156
        },
        {
            "class": "Contamination",
            "height": 23,
            "id": 27,
            "width": 23,
            "x": 2093,
            "y": 2890
        },
        {
            "class": "Contamination",
            "height": 25,
            "id": 28,
            "width": 25,
            "x": 2428,
            "y": 2756
        },
        {
            "class": "Contamination",
            "height": 28,
            "id": 29,
            "width": 28,
            "x": 2632,
            "y": 1977
        },
        {
            "class": "Contamination",
            "height": 31,
            "id": 30,
            "width": 31,
            "x": 2808,
            "y": 1820
        },
        {
            "class": "Contamination",
            "height": 34,
            "id": 31,
            "width": 34,
            "x": 2922,
            "y": 1829
        },
        {
            "class": "Contamination",
            "height": 41,
            "id": 32,
            "width": 41,
            "x": 3109,
            "y": 1731
        },
        {
            "class": "Contamination",
            "height": 19,
            "id": 33,
            "width": 19,
            "x": 2886,
            "y": 1510
        },
        {
            "class": "Contamination",
            "height": 25,
            "id": 34,
            "width": 25,
            "x": 3033,
            "y": 1086
        },
        {
            "class": "E.coli",
            "height": 210,
            "id": 35,
            "width": 210,
            "x": 2892,
            "y": 884
        },
        {
            "class": "E.coli",
            "height": 231,
            "id": 36,
            "width": 231,
            "x": 2940,
            "y": 1287
        },
        {
            "class": "E.coli",
            "height": 262,
            "id": 37,
            "width": 236,
            "x": 2339,
            "y": 1601
        },
        {
            "class": "E.coli",
            "height": 253,
            "id": 38,
            "width": 231,
            "x": 1871,
            "y": 1583
        },
        {
            "class": "E.coli",
            "height": 244,
            "id": 39,
            "width": 210,
            "x": 981,
            "y": 1280
        },
        {
            "class": "E.coli",
            "height": 190,
            "id": 40,
            "width": 200,
            "x": 664,
            "y": 1839
        },
        {
            "class": "E.coli",
            "height": 97,
            "id": 41,
            "width": 146,
            "x": 614,
            "y": 2222
        },
        {
            "class": "E.coli",
            "height": 143,
            "id": 42,
            "width": 187,
            "x": 599,
            "y": 2094
        },
        {
            "class": "E.coli",
            "height": 130,
            "id": 43,
            "width": 130,
            "x": 617,
            "y": 2291
        },
        {
            "class": "E.coli",
            "height": 177,
            "id": 44,
            "width": 127,
            "x": 656,
            "y": 2335
        },
        {
            "class": "E.coli",
            "height": 142,
            "id": 45,
            "width": 107,
            "x": 746,
            "y": 2340
        },
        {
            "class": "E.coli",
            "height": 143,
            "id": 46,
            "width": 143,
            "x": 791,
            "y": 2398
        },
        {
            "class": "E.coli",
            "height": 127,
            "id": 47,
            "width": 157,
            "x": 731,
            "y": 2509
        },
        {
            "class": "E.coli",
            "height": 157,
            "id": 48,
            "width": 157,
            "x": 815,
            "y": 2603
        },
        {
            "class": "E.coli",
            "height": 142,
            "id": 49,
            "width": 110,
            "x": 746,
            "y": 2668
        },
        {
            "class": "E.coli",
            "height": 151,
            "id": 50,
            "width": 112,
            "x": 695,
            "y": 2684
        },
        {
            "class": "E.coli",
            "height": 178,
            "id": 51,
            "width": 130,
            "x": 1007,
            "y": 2939
        },
        {
            "class": "E.coli",
            "height": 188,
            "id": 52,
            "width": 143,
            "x": 910,
            "y": 2918
        },
        {
            "class": "E.coli",
            "height": 97,
            "id": 53,
            "width": 142,
            "x": 1073,
            "y": 3111
        },
        {
            "class": "E.coli",
            "height": 123,
            "id": 54,
            "width": 89,
            "x": 1031,
            "y": 3157
        },
        {
            "class": "E.coli",
            "height": 97,
            "id": 55,
            "width": 133,
            "x": 1079,
            "y": 3186
        },
        {
            "class": "E.coli",
            "height": 157,
            "id": 56,
            "width": 157,
            "x": 1215,
            "y": 3199
        },
        {
            "class": "E.coli",
            "height": 89,
            "id": 57,
            "width": 89,
            "x": 1462,
            "y": 3141
        },
        {
            "class": "E.coli",
            "height": 52,
            "id": 58,
            "width": 104,
            "x": 1447,
            "y": 3022
        },
        {
            "class": "E.coli",
            "height": 130,
            "id": 59,
            "width": 137,
            "x": 1291,
            "y": 3000
        },
        {
            "class": "E.coli",
            "height": 186,
            "id": 60,
            "width": 173,
            "x": 1235,
            "y": 2872
        },
        {
            "class": "E.coli",
            "height": 143,
            "id": 61,
            "width": 188,
            "x": 1395,
            "y": 2830
        },
        {
            "class": "E.coli",
            "height": 73,
            "id": 62,
            "width": 137,
            "x": 1448,
            "y": 2965
        },
        {
            "class": "E.coli",
            "height": 89,
            "id": 63,
            "width": 122,
            "x": 1437,
            "y": 3065
        },
        {
            "class": "E.coli",
            "height": 145,
            "id": 64,
            "width": 118,
            "x": 1532,
            "y": 3154
        },
        {
            "class": "E.coli",
            "height": 173,
            "id": 65,
            "width": 173,
            "x": 1401,
            "y": 3215
        },
        {
            "class": "E.coli",
            "height": 86,
            "id": 66,
            "width": 94,
            "x": 1651,
            "y": 3122
        },
        {
            "class": "E.coli",
            "height": 130,
            "id": 67,
            "width": 107,
            "x": 1677,
            "y": 3074
        },
        {
            "class": "E.coli",
            "height": 107,
            "id": 68,
            "width": 107,
            "x": 1639,
            "y": 3177
        },
        {
            "class": "E.coli",
            "height": 118,
            "id": 69,
            "width": 118,
            "x": 1764,
            "y": 3083
        },
        {
            "class": "E.coli",
            "height": 107,
            "id": 70,
            "width": 107,
            "x": 1758,
            "y": 3176
        },
        {
            "class": "E.coli",
            "height": 190,
            "id": 71,
            "width": 190,
            "x": 1819,
            "y": 2955
        },
        {
            "class": "E.coli",
            "height": 107,
            "id": 72,
            "width": 107,
            "x": 1842,
            "y": 3193
        },
        {
            "class": "E.coli",
            "height": 173,
            "id": 73,
            "width": 173,
            "x": 1772,
            "y": 3252
        },
        {
            "class": "E.coli",
            "height": 143,
            "id": 74,
            "width": 143,
            "x": 1915,
            "y": 3128
        },
        {
            "class": "E.coli",
            "height": 158,
            "id": 75,
            "width": 118,
            "x": 1919,
            "y": 3277
        },
        {
            "class": "E.coli",
            "height": 163,
            "id": 76,
            "width": 89,
            "x": 2019,
            "y": 3266
        },
        {
            "class": "E.coli",
            "height": 173,
            "id": 77,
            "width": 173,
            "x": 2101,
            "y": 3284
        },
        {
            "class": "E.coli",
            "height": 173,
            "id": 78,
            "width": 173,
            "x": 2050,
            "y": 2726
        }
    ],
    "sample_id": 734
}