{
    "background": "bright",
    "classes": [
        "E.coli"
    ],
    "colonies_number": 74,
    "labels": [
        {
            "class": "E.coli",
            "height": 157,
            "id": 1,
            "width": 157,
            "x": 764,
            "y": 1130
        },
        {
            "class": "E.coli",
            "height": 157,
            "id": 2,
            "width": 157,
            "x": 506,
            "y": 1892
        },
        {
            "class": "E.coli",
            "height": 190,
            "id": 3,
            "width": 190,
            "x": 900,
            "y": 1947
        },
        {
            "class": "E.coli",
            "height": 107,
            "id": 4,
            "width": 142,
            "x": 829,
            "y": 2165
        },
        {
            "class": "E.coli",
            "height": 157,
            "id": 5,
            "width": 157,
            "x": 1182,
            "y": 2069
        },
        {
            "class": "E.coli",
            "height": 157,
            "id": 6,
            "width": 157,
            "x": 1131,
            "y": 2233
        },
        {
            "class": "E.coli",
            "height": 101,
            "id": 7,
            "width": 144,
            "x": 842,
            "y": 2250
        },
        {
            "class": "E.coli",
            "height": 130,
            "id": 8,
            "width": 130,
            "x": 743,
            "y": 2305
        },
        {
            "class": "E.coli",
            "height": 107,
            "id": 9,
            "width": 107,
            "x": 809,
            "y": 2466
        },
        {
            "class": "E.coli",
            "height": 73,
            "id": 10,
            "width": 137,
            "x": 777,
            "y": 2417
        },
        {
            "class": "E.coli",
            "height": 132,
            "id": 11,
            "width": 97,
            "x": 909,
            "y": 2444
        },
        {
            "class": "E.coli",
            "height": 107,
            "id": 12,
            "width": 107,
            "x": 789,
            "y": 2625
        },
        {
            "class": "E.coli",
            "height": 118,
            "id": 13,
            "width": 118,
            "x": 955,
            "y": 2505
        },
        {
            "class": "E.coli",
            "height": 118,
            "id": 14,
            "width": 118,
            "x": 1013,
            "y": 2576
        },
        {
            "class": "E.coli",
            "height": 118,
            "id": 15,
            "width": 118,
            "x": 1064,
            "y": 2653
        },
        {
            "class": "E.coli",
            "height": 41,
            "id": 16,
            "width": 41,
            "x": 1160,
            "y": 2871
        },
        {
            "class": "E.coli",
            "height": 143,
            "id": 17,
            "width": 143,
            "x": 893,
            "y": 2718
        },
        {
            "class": "E.coli",
            "height": 66,
            "id": 18,
            "width": 66,
            "x": 1015,
            "y": 2967
        },
        {
            "class": "E.coli",
            "height": 73,
            "id": 19,
            "width": 90,
            "x": 971,
            "y": 2911
        },
        {
            "class": "E.coli",
            "height": 92,
            "id": 20,
            "width": 89,
            "x": 945,
            "y": 2938
        },
        {
            "class": "E.coli",
            "height": 89,
            "id": 21,
            "width": 110,
            "x": 947,
            "y": 3007
        },
        {
            "class": "E.coli",
            "height": 140,
            "id": 22,
            "width": 118,
            "x": 1076,
            "y": 2954
        },
        {
            "class": "E.coli",
            "height": 130,
            "id": 23,
            "width": 130,
            "x": 1644,
            "y": 3078
        },
        {
            "class": "E.coli",
            "height": 157,
            "id": 24,
            "width": 157,
            "x": 1692,
            "y": 2633
        },
        {
            "class": "E.coli",
            "height": 118,
            "id": 25,
            "width": 118,
            "x": 2100,
            "y": 2540
        },
        {
            "class": "E.coli",
            "height": 143,
            "id": 26,
            "width": 143,
            "x": 2007,
            "y": 3089
        },
        {
            "class": "E.coli",
            "height": 162,
            "id": 27,
            "width": 118,
            "x": 2584,
            "y": 3272
        },
        {
            "class": "E.coli",
            "height": 162,
            "id": 28,
            "width": 143,
            "x": 2461,
            "y": 3276
        },
        {
            "class": "E.coli",
            "height": 143,
            "id": 29,
            "width": 143,
            "x": 2943,
            "y": 2984
        },
        {
            "class": "E.coli",
            "height": 143,
            "id": 30,
            "width": 143,
            "x": 1461,
            "y": 1900
        },
        {
            "class": "E.coli",
            "height": 118,
            "id": 31,
            "width": 118,
            "x": 1403,
            "y": 1851
        },
        {
            "class": "E.coli",
            "height": 157,
            "id": 32,
            "width": 157,
            "x": 1265,
            "y": 1660
        },
        {
            "class": "E.coli",
            "height": 143,
            "id": 33,
            "width": 143,
            "x": 1435,
            "y": 831
        },
        {
            "class": "E.coli",
            "height": 143,
            "id": 34,
            "width": 143,
            "x": 1672,
            "y": 641
        },
        {
            "class": "E.coli",
            "height": 80,
            "id": 35,
            "width": 80,
            "x": 1925,
            "y": 718
        },
        {
            "class": "E.coli",
            "height": 89,
            "id": 36,
            "width": 89,
            "x": 1960,
            "y": 733
        },
        {
            "class": "E.coli",
            "height": 143,
            "id": 37,
            "width": 143,
            "x": 1849,
            "y": 614
        },
        {
            "class": "E.coli",
            "height": 118,
            "id": 38,
            "width": 118,
            "x": 1862,
            "y": 742
        },
        {
            "class": "E.coli",
            "height": 114,
            "id": 39,
            "width": 143,
            "x": 3247,
            "y": 2403
        },
        {
            "class": "E.coli",
            "height": 130,
            "id": 40,
            "width": 130,
            "x": 3307,
            "y": 2325
        },
        {
            "class": "E.coli",
            "height": 120,
            "id": 41,
            "width": 157,
            "x": 2856,
            "y": 2036
        },
        {
            "class": "E.coli",
            "height": 109,
            "id": 42,
            "width": 99,
            "x": 2828,
            "y": 1890
        },
        {
            "class": "E.coli",
            "height": 157,
            "id": 43,
            "width": 157,
            "x": 2835,
            "y": 1898
        },
        {
            "class": "E.coli",
            "height": 66,
            "id": 44,
            "width": 66,
            "x": 2776,
            "y": 1856
        },
        {
            "class": "E.coli",
            "height": 130,
            "id": 45,
            "width": 130,
            "x": 2787,
            "y": 1844
        },
        {
            "class": "E.coli",
            "height": 133,
            "id": 46,
            "width": 116,
            "x": 2715,
            "y": 1887
        },
        {
            "class": "E.coli",
            "height": 143,
            "id": 47,
            "width": 143,
            "x": 2682,
            "y": 1628
        },
        {
            "class": "E.coli",
            "height": 143,
            "id": 48,
            "width": 143,
            "x": 2506,
            "y": 1683
        },
        {
            "class": "E.coli",
            "height": 173,
            "id": 49,
            "width": 173,
            "x": 3204,
            "y": 1596
        },
        {
            "class": "E.coli",
            "height": 157,
            "id": 50,
            "width": 157,
            "x": 2539,
            "y": 1444
        },
        {
            "class": "E.coli",
            "height": 130,
            "id": 51,
            "width": 157,
            "x": 2155,
            "y": 718
        },
        {
            "class": "E.coli",
            "height": 130,
            "id": 52,
            "width": 130,
            "x": 2038,
            "y": 765
        },
        {
            "class": "E.coli",
            "height": 107,
            "id": 53,
            "width": 107,
            "x": 2062,
            "y": 864
        },
        {
            "class": "E.coli",
            "height": 114,
            "id": 54,
            "width": 89,
            "x": 2271,
            "y": 776
        },
        {
            "class": "E.coli",
            "height": 143,
            "id": 55,
            "width": 192,
            "x": 2152,
            "y": 604
        },
        {
            "class": "E.coli",
            "height": 136,
            "id": 56,
            "width": 80,
            "x": 2135,
            "y": 857
        },
        {
            "class": "E.coli",
            "height": 153,
            "id": 57,
            "width": 60,
            "x": 2184,
            "y": 854
        },
        {
            "class": "E.coli",
            "height": 130,
            "id": 58,
            "width": 130,
            "x": 2182,
            "y": 898
        },
        {
            "class": "E.coli",
            "height": 143,
            "id": 59,
            "width": 143,
            "x": 2472,
            "y": 721
        },
        {
            "class": "E.coli",
            "height": 130,
            "id": 60,
            "width": 130,
            "x": 2338,
            "y": 754
        },
        {
            "class": "E.coli",
            "height": 103,
            "id": 61,
            "width": 138,
            "x": 2300,
            "y": 857
        },
        {
            "class": "E.coli",
            "height": 60,
            "id": 62,
            "width": 60,
            "x": 2558,
            "y": 918
        },
        {
            "class": "E.coli",
            "height": 107,
            "id": 63,
            "width": 107,
            "x": 2475,
            "y": 893
        },
        {
            "class": "E.coli",
            "height": 97,
            "id": 64,
            "width": 133,
            "x": 2545,
            "y": 867
        },
        {
            "class": "E.coli",
            "height": 143,
            "id": 65,
            "width": 143,
            "x": 2571,
            "y": 762
        },
        {
            "class": "E.coli",
            "height": 73,
            "id": 66,
            "width": 73,
            "x": 2573,
            "y": 1020
        },
        {
            "class": "E.coli",
            "height": 143,
            "id": 67,
            "width": 143,
            "x": 2483,
            "y": 966
        },
        {
            "class": "E.coli",
            "height": 89,
            "id": 68,
            "width": 89,
            "x": 2579,
            "y": 941
        },
        {
            "class": "E.coli",
            "height": 142,
            "id": 69,
            "width": 107,
            "x": 2620,
            "y": 944
        },
        {
            "class": "E.coli",
            "height": 143,
            "id": 70,
            "width": 143,
            "x": 2869,
            "y": 953
        },
        {
            "class": "E.coli",
            "height": 162,
            "id": 71,
            "width": 84,
            "x": 2822,
            "y": 969
        },
        {
            "class": "E.coli",
            "height": 173,
            "id": 72,
            "width": 110,
            "x": 2737,
            "y": 952
        },
        {
            "class": "E.coli",
            "height": 157,
            "id": 73,
            "width": 157,
            "x": 2920,
            "y": 1071
        },
        {
            "class": "E.coli",
            "height": 143,
            "id": 74,
            "width": 143,
            "x": 2985,
            "y": 1022
        }
    ],
    "sample_id": 735
}