{
    "background": "dark",
    "classes": [
        "S.aureus"
    ],
    "colonies_number": 101,
    "labels": [
        {
            "class": "S.aureus",
            "height": 57,
            "id": 1,
            "width": 57,
            "x": 1798,
            "y": 2360
        },
        {
            "class": "S.aureus",
            "height": 57,
            "id": 2,
            "width": 57,
            "x": 1788,
            "y": 2320
        },
        {
            "class": "S.aureus",
            "height": 57,
            "id": 3,
            "width": 57,
            "x": 1734,
            "y": 2058
        },
        {
            "class": "S.aureus",
            "height": 57,
            "id": 4,
            "width": 57,
            "x": 1741,
            "y": 1950
        },
        {
            "class": "S.aureus",
            "height": 57,
            "id": 5,
            "width": 57,
            "x": 1367,
            "y": 1986
        },
        {
            "class": "S.aureus",
            "height": 57,
            "id": 6,
            "width": 57,
            "x": 1046,
            "y": 2234
        },
        {
            "class": "S.aureus",
            "height": 57,
            "id": 7,
            "width": 57,
            "x": 941,
            "y": 2283
        },
        {
            "class": "S.aureus",
            "height": 57,
            "id": 8,
            "width": 57,
            "x": 870,
            "y": 2164
        },
        {
            "class": "S.aureus",
            "height": 57,
            "id": 9,
            "width": 57,
            "x": 726,
            "y": 2368
        },
        {
            "class": "S.aureus",
            "height": 57,
            "id": 10,
            "width": 57,
            "x": 622,
            "y": 2143
        },
        {
            "class": "S.aureus",
            "height": 57,
            "id": 11,
            "width": 57,
            "x": 625,
            "y": 2035
        },
        {
            "class": "S.aureus",
            "height": 57,
            "id": 12,
            "width": 57,
            "x": 416,
            "y": 2016
        },
        {
            "class": "S.aureus",
            "height": 57,
            "id": 13,
            "width": 57,
            "x": 682,
            "y": 1324
        },
        {
            "class": "S.aureus",
            "height": 57,
            "id": 14,
            "width": 57,
            "x": 970,
            "y": 992
        },
        {
            "class": "S.aureus",
            "height": 57,
            "id": 15,
            "width": 57,
            "x": 1136,
            "y": 929
        },
        {
            "class": "S.aureus",
            "height": 57,
            "id": 16,
            "width": 57,
            "x": 1079,
            "y": 918
        },
        {
            "class": "S.aureus",
            "height": 57,
            "id": 17,
            "width": 57,
            "x": 1810,
            "y": 810
        },
        {
            "class": "S.aureus",
            "height": 57,
            "id": 18,
            "width": 57,
            "x": 1785,
            "y": 745
        },
        {
            "class": "S.aureus",
            "height": 57,
            "id": 19,
            "width": 57,
            "x": 1834,
            "y": 626
        },
        {
            "class": "S.aureus",
            "height": 57,
            "id": 20,
            "width": 57,
            "x": 1999,
            "y": 665
        },
        {
            "class": "S.aureus",
            "height": 57,
            "id": 21,
            "width": 57,
            "x": 2370,
            "y": 842
        },
        {
            "class": "S.aureus",
            "height": 57,
            "id": 22,
            "width": 57,
            "x": 2531,
            "y": 837
        },
        {
            "class": "S.aureus",
            "height": 57,
            "id": 23,
            "width": 57,
            "x": 2611,
            "y": 897
        },
        {
            "class": "S.aureus",
            "height": 57,
            "id": 24,
            "width": 57,
            "x": 2309,
            "y": 949
        },
        {
            "class": "S.aureus",
            "height": 57,
            "id": 25,
            "width": 57,
            "x": 2267,
            "y": 896
        },
        {
            "class": "S.aureus",
            "height": 57,
            "id": 26,
            "width": 57,
            "x": 2776,
            "y": 1184
        },
        {
            "class": "S.aureus",
            "height": 57,
            "id": 27,
            "width": 57,
            "x": 2502,
            "y": 1198
        },
        {
            "class": "S.aureus",
            "height": 57,
            "id": 28,
            "width": 57,
            "x": 2245,
            "y": 1468
        },
        {
            "class": "S.aureus",
            "height": 57,
            "id": 29,
            "width": 57,
            "x": 2216,
            "y": 1668
        },
        {
            "class": "S.aureus",
            "height": 57,
            "id": 30,
            "width": 57,
            "x": 2022,
            "y": 1707
        },
        {
            "class": "S.aureus",
            "height": 57,
            "id": 31,
            "width": 57,
            "x": 2206,
            "y": 1844
        },
        {
            "class": "S.aureus",
            "height": 57,
            "id": 32,
            "width": 57,
            "x": 2197,
            "y": 1908
        },
        {
            "class": "S.aureus",
            "height": 57,
            "id": 33,
            "width": 57,
            "x": 2300,
            "y": 1984
        },
        {
            "class": "S.aureus",
            "height": 57,
            "id": 34,
            "width": 57,
            "x": 2767,
            "y": 2061
        },
        {
            "class": "S.aureus",
            "height": 57,
            "id": 35,
            "width": 57,
            "x": 3355,
            "y": 2273
        },
        {
            "class": "S.aureus",
            "height": 57,
            "id": 36,
            "width": 57,
            "x": 2902,
            "y": 2635
        },
        {
            "class": "S.aureus",
            "height": 57,
            "id": 37,
            "width": 57,
            "x": 2999,
            "y": 2759
        },
        {
            "class": "S.aureus",
            "height": 57,
            "id": 38,
            "width": 57,
            "x": 2590,
            "y": 3008
        },
        {
            "class": "S.aureus",
            "height": 57,
            "id": 39,
            "width": 57,
            "x": 2789,
            "y": 3113
        },
        {
            "class": "S.aureus",
            "height": 57,
            "id": 40,
            "width": 57,
            "x": 2856,
            "y": 3119
        },
        {
            "class": "S.aureus",
            "height": 57,
            "id": 41,
            "width": 57,
            "x": 2542,
            "y": 3391
        },
        {
            "class": "S.aureus",
            "height": 57,
            "id": 42,
            "width": 57,
            "x": 2319,
            "y": 3445
        },
        {
            "class": "S.aureus",
            "height": 57,
            "id": 43,
            "width": 57,
            "x": 2195,
            "y": 3463
        },
        {
            "class": "S.aureus",
            "height": 57,
            "id": 44,
            "width": 57,
            "x": 1685,
            "y": 3577
        },
        {
            "class": "S.aureus",
            "height": 57,
            "id": 45,
            "width": 57,
            "x": 1387,
            "y": 3480
        },
        {
            "class": "S.aureus",
            "height": 57,
            "id": 46,
            "width": 57,
            "x": 918,
            "y": 3213
        },
        {
            "class": "S.aureus",
            "height": 57,
            "id": 47,
            "width": 57,
            "x": 834,
            "y": 3158
        },
        {
            "class": "S.aureus",
            "height": 57,
            "id": 48,
            "width": 57,
            "x": 916,
            "y": 3045
        },
        {
            "class": "S.aureus",
            "height": 57,
            "id": 49,
            "width": 57,
            "x": 1012,
            "y": 2937
        },
        {
            "class": "S.aureus",
            "height": 57,
            "id": 50,
            "width": 57,
            "x": 951,
            "y": 2917
        },
        {
            "class": "S.aureus",
            "height": 57,
            "id": 51,
            "width": 57,
            "x": 645,
            "y": 2662
        },
        {
            "class": "S.aureus",
            "height": 57,
            "id": 52,
            "width": 57,
            "x": 376,
            "y": 2339
        },
        {
            "class": "S.aureus",
            "height": 57,
            "id": 53,
            "width": 57,
            "x": 1095,
            "y": 1572
        },
        {
            "class": "S.aureus",
            "height": 57,
            "id": 54,
            "width": 57,
            "x": 1296,
            "y": 1578
        },
        {
            "class": "S.aureus",
            "height": 57,
            "id": 55,
            "width": 57,
            "x": 1483,
            "y": 1579
        },
        {
            "class": "S.aureus",
            "height": 57,
            "id": 56,
            "width": 57,
            "x": 1214,
            "y": 1355
        },
        {
            "class": "S.aureus",
            "height": 57,
            "id": 57,
            "width": 57,
            "x": 1157,
            "y": 1126
        },
        {
            "class": "S.aureus",
            "height": 57,
            "id": 58,
            "width": 57,
            "x": 2112,
            "y": 1090
        },
        {
            "class": "S.aureus",
            "height": 57,
            "id": 59,
            "width": 57,
            "x": 1869,
            "y": 1416
        },
        {
            "class": "S.aureus",
            "height": 57,
            "id": 60,
            "width": 57,
            "x": 1878,
            "y": 1452
        },
        {
            "class": "S.aureus",
            "height": 57,
            "id": 61,
            "width": 57,
            "x": 1849,
            "y": 1530
        },
        {
            "class": "S.aureus",
            "height": 57,
            "id": 62,
            "width": 57,
            "x": 1752,
            "y": 1627
        },
        {
            "class": "S.aureus",
            "height": 57,
            "id": 63,
            "width": 57,
            "x": 1937,
            "y": 1573
        },
        {
            "class": "S.aureus",
            "height": 57,
            "id": 64,
            "width": 57,
            "x": 1982,
            "y": 1574
        },
        {
            "class": "S.aureus",
            "height": 57,
            "id": 65,
            "width": 57,
            "x": 1799,
            "y": 1778
        },
        {
            "class": "S.aureus",
            "height": 57,
            "id": 66,
            "width": 57,
            "x": 1678,
            "y": 1752
        },
        {
            "class": "S.aureus",
            "height": 57,
            "id": 67,
            "width": 57,
            "x": 1657,
            "y": 1719
        },
        {
            "class": "S.aureus",
            "height": 57,
            "id": 68,
            "width": 57,
            "x": 1289,
            "y": 2557
        },
        {
            "class": "S.aureus",
            "height": 57,
            "id": 69,
            "width": 57,
            "x": 943,
            "y": 2466
        },
        {
            "class": "S.aureus",
            "height": 57,
            "id": 70,
            "width": 57,
            "x": 939,
            "y": 2586
        },
        {
            "class": "S.aureus",
            "height": 57,
            "id": 71,
            "width": 57,
            "x": 797,
            "y": 2525
        },
        {
            "class": "S.aureus",
            "height": 57,
            "id": 72,
            "width": 57,
            "x": 1264,
            "y": 2957
        },
        {
            "class": "S.aureus",
            "height": 57,
            "id": 73,
            "width": 57,
            "x": 1368,
            "y": 2766
        },
        {
            "class": "S.aureus",
            "height": 57,
            "id": 74,
            "width": 57,
            "x": 1416,
            "y": 3283
        },
        {
            "class": "S.aureus",
            "height": 57,
            "id": 75,
            "width": 57,
            "x": 1270,
            "y": 3287
        },
        {
            "class": "S.aureus",
            "height": 57,
            "id": 76,
            "width": 57,
            "x": 1527,
            "y": 3367
        },
        {
            "class": "S.aureus",
            "height": 57,
            "id": 77,
            "width": 57,
            "x": 1764,
            "y": 3082
        },
        {
            "class": "S.aureus",
            "height": 57,
            "id": 78,
            "width": 57,
            "x": 1889,
            "y": 2891
        },
        {
            "class": "S.aureus",
            "height": 57,
            "id": 79,
            "width": 57,
            "x": 1938,
            "y": 2914
        },
        {
            "class": "S.aureus",
            "height": 57,
            "id": 80,
            "width": 57,
            "x": 1969,
            "y": 2973
        },
        {
            "class": "S.aureus",
            "height": 57,
            "id": 81,
            "width": 57,
            "x": 1993,
            "y": 2984
        },
        {
            "class": "S.aureus",
            "height": 57,
            "id": 82,
            "width": 57,
            "x": 1818,
            "y": 2848
        },
        {
            "class": "S.aureus",
            "height": 57,
            "id": 83,
            "width": 57,
            "x": 1701,
            "y": 2706
        },
        {
            "class": "S.aureus",
            "height": 57,
            "id": 84,
            "width": 57,
            "x": 2113,
            "y": 2282
        },
        {
            "class": "S.aureus",
            "height": 57,
            "id": 85,
            "width": 57,
            "x": 2295,
            "y": 2246
        },
        {
            "class": "S.aureus",
            "height": 57,
            "id": 86,
            "width": 57,
            "x": 2266,
            "y": 2406
        },
        {
            "class": "S.aureus",
            "height": 57,
            "id": 87,
            "width": 57,
            "x": 2639,
            "y": 2471
        },
        {
            "class": "S.aureus",
            "height": 57,
            "id": 88,
            "width": 57,
            "x": 2487,
            "y": 2795
        },
        {
            "class": "S.aureus",
            "height": 57,
            "id": 89,
            "width": 57,
            "x": 2386,
            "y": 3095
        },
        {
            "class": "S.aureus",
            "height": 57,
            "id": 90,
            "width": 57,
            "x": 2270,
            "y": 3112
        },
        {
            "class": "S.aureus",
            "height": 57,
            "id": 91,
            "width": 57,
            "x": 2202,
            "y": 3198
        },
        {
            "class": "S.aureus",
            "height": 57,
            "id": 92,
            "width": 57,
            "x": 1972,
            "y": 3225
        },
        {
            "class": "S.aureus",
            "height": 57,
            "id": 93,
            "width": 57,
            "x": 1212,
            "y": 1935
        },
        {
            "class": "S.aureus",
            "height": 57,
            "id": 94,
            "width": 57,
            "x": 1420,
            "y": 1741
        },
        {
            "class": "S.aureus",
            "height": 57,
            "id": 95,
            "width": 57,
            "x": 1558,
            "y": 1671
        },
        {
            "class": "S.aureus",
            "height": 57,
            "id": 96,
            "width": 57,
            "x": 2132,
            "y": 1503
        },
        {
            "class": "S.aureus",
            "height": 57,
            "id": 97,
            "width": 57,
            "x": 2460,
            "y": 1841
        },
        {
            "class": "S.aureus",
            "height": 57,
            "id": 98,
            "width": 57,
            "x": 3066,
            "y": 1608
        },
        {
            "class": "S.aureus",
            "height": 57,
            "id": 99,
            "width": 57,
            "x": 2888,
            "y": 1498
        },
        {
            "class": "S.aureus",
            "height": 57,
            "id": 100,
            "width": 57,
            "x": 3047,
            "y": 1727
        },
        {
            "class": "S.aureus",
            "height": 57,
            "id": 101,
            "width": 57,
            "x": 2956,
            "y": 1797
        }
    ],
    "sample_id": 5206
}