{
    "background": "dark",
    "classes": [
        "E.coli"
    ],
    "colonies_number": 6,
    "labels": [
        {
            "class": "E.coli",
            "height": 250,
            "id": 1,
            "width": 250,
            "x": 841,
            "y": 2362
        },
        {
            "class": "E.coli",
            "height": 250,
            "id": 2,
            "width": 250,
            "x": 1195,
            "y": 2634
        },
        {
            "class": "E.coli",
            "height": 276,
            "id": 3,
            "width": 276,
            "x": 473,
            "y": 1896
        },
        {
            "class": "E.coli",
            "height": 334,
            "id": 4,
            "width": 334,
            "x": 2052,
            "y": 1883
        },
        {
            "class": "E.coli",
            "height": 228,
            "id": 5,
            "width": 228,
            "x": 1151,
            "y": 3200
        },
        {
            "class": "E.coli",
            "height": 228,
            "id": 6,
            "width": 228,
            "x": 1343,
            "y": 3399
        }
    ],
    "sample_id": 5207
}