{
    "background": "dark",
    "classes": [
        "E.coli"
    ],
    "colonies_number": 43,
    "labels": [
        {
            "class": "E.coli",
            "height": 207,
            "id": 1,
            "width": 207,
            "x": 1826,
            "y": 1390
        },
        {
            "class": "E.coli",
            "height": 171,
            "id": 2,
            "width": 171,
            "x": 1513,
            "y": 1578
        },
        {
            "class": "E.coli",
            "height": 171,
            "id": 3,
            "width": 171,
            "x": 1380,
            "y": 1369
        },
        {
            "class": "E.coli",
            "height": 171,
            "id": 4,
            "width": 171,
            "x": 1074,
            "y": 1394
        },
        {
            "class": "E.coli",
            "height": 171,
            "id": 5,
            "width": 171,
            "x": 938,
            "y": 1615
        },
        {
            "class": "E.coli",
            "height": 171,
            "id": 6,
            "width": 171,
            "x": 983,
            "y": 1790
        },
        {
            "class": "E.coli",
            "height": 171,
            "id": 7,
            "width": 171,
            "x": 1369,
            "y": 1988
        },
        {
            "class": "E.coli",
            "height": 171,
            "id": 8,
            "width": 171,
            "x": 1455,
            "y": 1914
        },
        {
            "class": "E.coli",
            "height": 171,
            "id": 9,
            "width": 171,
            "x": 1463,
            "y": 2082
        },
        {
            "class": "E.coli",
            "height": 171,
            "id": 10,
            "width": 171,
            "x": 1800,
            "y": 2033
        },
        {
            "class": "E.coli",
            "height": 171,
            "id": 11,
            "width": 171,
            "x": 1442,
            "y": 2423
        },
        {
            "class": "E.coli",
            "height": 171,
            "id": 12,
            "width": 171,
            "x": 1070,
            "y": 2208
        },
        {
            "class": "E.coli",
            "height": 171,
            "id": 13,
            "width": 171,
            "x": 1081,
            "y": 2598
        },
        {
            "class": "E.coli",
            "height": 171,
            "id": 14,
            "width": 171,
            "x": 847,
            "y": 2769
        },
        {
            "class": "E.coli",
            "height": 171,
            "id": 15,
            "width": 171,
            "x": 276,
            "y": 2209
        },
        {
            "class": "E.coli",
            "height": 171,
            "id": 16,
            "width": 171,
            "x": 503,
            "y": 2125
        },
        {
            "class": "E.coli",
            "height": 171,
            "id": 17,
            "width": 171,
            "x": 251,
            "y": 1964
        },
        {
            "class": "E.coli",
            "height": 171,
            "id": 18,
            "width": 171,
            "x": 472,
            "y": 1835
        },
        {
            "class": "E.coli",
            "height": 171,
            "id": 19,
            "width": 171,
            "x": 793,
            "y": 1344
        },
        {
            "class": "E.coli",
            "height": 171,
            "id": 20,
            "width": 171,
            "x": 676,
            "y": 1189
        },
        {
            "class": "E.coli",
            "height": 171,
            "id": 21,
            "width": 171,
            "x": 1094,
            "y": 1153
        },
        {
            "class": "E.coli",
            "height": 171,
            "id": 22,
            "width": 171,
            "x": 945,
            "y": 916
        },
        {
            "class": "E.coli",
            "height": 171,
            "id": 23,
            "width": 171,
            "x": 1336,
            "y": 993
        },
        {
            "class": "E.coli",
            "height": 171,
            "id": 24,
            "width": 171,
            "x": 1528,
            "y": 1077
        },
        {
            "class": "E.coli",
            "height": 171,
            "id": 25,
            "width": 171,
            "x": 1687,
            "y": 780
        },
        {
            "class": "E.coli",
            "height": 171,
            "id": 26,
            "width": 171,
            "x": 1670,
            "y": 647
        },
        {
            "class": "E.coli",
            "height": 171,
            "id": 27,
            "width": 171,
            "x": 1774,
            "y": 674
        },
        {
            "class": "E.coli",
            "height": 171,
            "id": 28,
            "width": 171,
            "x": 1991,
            "y": 775
        },
        {
            "class": "E.coli",
            "height": 171,
            "id": 29,
            "width": 171,
            "x": 2193,
            "y": 1071
        },
        {
            "class": "E.coli",
            "height": 171,
            "id": 30,
            "width": 171,
            "x": 2430,
            "y": 1290
        },
        {
            "class": "E.coli",
            "height": 171,
            "id": 31,
            "width": 171,
            "x": 2170,
            "y": 538
        },
        {
            "class": "E.coli",
            "height": 171,
            "id": 32,
            "width": 171,
            "x": 2511,
            "y": 730
        },
        {
            "class": "E.coli",
            "height": 171,
            "id": 33,
            "width": 171,
            "x": 2779,
            "y": 1132
        },
        {
            "class": "E.coli",
            "height": 171,
            "id": 34,
            "width": 171,
            "x": 2590,
            "y": 1414
        },
        {
            "class": "E.coli",
            "height": 171,
            "id": 35,
            "width": 171,
            "x": 2302,
            "y": 1581
        },
        {
            "class": "E.coli",
            "height": 171,
            "id": 36,
            "width": 171,
            "x": 2159,
            "y": 1568
        },
        {
            "class": "E.coli",
            "height": 171,
            "id": 37,
            "width": 171,
            "x": 2038,
            "y": 1677
        },
        {
            "class": "E.coli",
            "height": 171,
            "id": 38,
            "width": 171,
            "x": 2109,
            "y": 1929
        },
        {
            "class": "E.coli",
            "height": 171,
            "id": 39,
            "width": 171,
            "x": 2019,
            "y": 2260
        },
        {
            "class": "E.coli",
            "height": 171,
            "id": 40,
            "width": 171,
            "x": 1991,
            "y": 2305
        },
        {
            "class": "E.coli",
            "height": 171,
            "id": 41,
            "width": 171,
            "x": 2347,
            "y": 2426
        },
        {
            "class": "E.coli",
            "height": 171,
            "id": 42,
            "width": 171,
            "x": 2318,
            "y": 2549
        },
        {
            "class": "E.coli",
            "height": 171,
            "id": 43,
            "width": 171,
            "x": 1983,
            "y": 3120
        }
    ],
    "sample_id": 5271
}