{
    "background": "lower-resolution",
    "classes": [
        "C.albicans"
    ],
    "colonies_number": 32,
    "labels": [
        {
            "class": "C.albicans",
            "height": 34,
            "id": 1,
            "width": 34,
            "x": 411,
            "y": 414
        },
        {
            "class": "C.albicans",
            "height": 23,
            "id": 2,
            "width": 27,
            "x": 620,
            "y": 252
        },
        {
            "class": "C.albicans",
            "height": 23,
            "id": 3,
            "width": 23,
            "x": 891,
            "y": 219
        },
        {
            "class": "C.albicans",
            "height": 28,
            "id": 4,
            "width": 28,
            "x": 1222,
            "y": 338
        },
        {
            "class": "C.albicans",
            "height": 23,
            "id": 5,
            "width": 23,
            "x": 876,
            "y": 566
        },
        {
            "class": "C.albicans",
            "height": 34,
            "id": 6,
            "width": 34,
            "x": 584,
            "y": 612
        },
        {
            "class": "C.albicans",
            "height": 34,
            "id": 7,
            "width": 34,
            "x": 550,
            "y": 750
        },
        {
            "class": "C.albicans",
            "height": 28,
            "id": 8,
            "width": 28,
            "x": 580,
            "y": 792
        },
        {
            "class": "C.albicans",
            "height": 25,
            "id": 9,
            "width": 25,
            "x": 607,
            "y": 836
        },
        {
            "class": "C.albicans",
            "height": 14,
            "id": 10,
            "width": 14,
            "x": 688,
            "y": 861
        },
        {
            "class": "C.albicans",
            "height": 31,
            "id": 11,
            "width": 31,
            "x": 748,
            "y": 839
        },
        {
            "class": "C.albicans",
            "height": 28,
            "id": 12,
            "width": 28,
            "x": 885,
            "y": 904
        },
        {
            "class": "C.albicans",
            "height": 21,
            "id": 13,
            "width": 21,
            "x": 1038,
            "y": 790
        },
        {
            "class": "C.albicans",
            "height": 25,
            "id": 14,
            "width": 25,
            "x": 1555,
            "y": 759
        },
        {
            "class": "C.albicans",
            "height": 34,
            "id": 15,
            "width": 34,
            "x": 1649,
            "y": 706
        },
        {
            "class": "C.albicans",
            "height": 31,
            "id": 16,
            "width": 31,
            "x": 1737,
            "y": 573
        },
        {
            "class": "C.albicans",
            "height": 25,
            "id": 17,
            "width": 25,
            "x": 1696,
            "y": 907
        },
        {
            "class": "C.albicans",
            "height": 25,
            "id": 18,
            "width": 25,
            "x": 1372,
            "y": 1154
        },
        {
            "class": "C.albicans",
            "height": 25,
            "id": 19,
            "width": 25,
            "x": 1398,
            "y": 1270
        },
        {
            "class": "C.albicans",
            "height": 25,
            "id": 20,
            "width": 25,
            "x": 1163,
            "y": 1341
        },
        {
            "class": "C.albicans",
            "height": 28,
            "id": 21,
            "width": 28,
            "x": 1647,
            "y": 1511
        },
        {
            "class": "C.albicans",
            "height": 31,
            "id": 22,
            "width": 31,
            "x": 1683,
            "y": 1484
        },
        {
            "class": "C.albicans",
            "height": 31,
            "id": 23,
            "width": 31,
            "x": 1641,
            "y": 1611
        },
        {
            "class": "C.albicans",
            "height": 25,
            "id": 24,
            "width": 25,
            "x": 1169,
            "y": 1813
        },
        {
            "class": "C.albicans",
            "height": 31,
            "id": 25,
            "width": 30,
            "x": 1112,
            "y": 1850
        },
        {
            "class": "C.albicans",
            "height": 31,
            "id": 26,
            "width": 31,
            "x": 1028,
            "y": 1773
        },
        {
            "class": "C.albicans",
            "height": 21,
            "id": 27,
            "width": 21,
            "x": 1085,
            "y": 1706
        },
        {
            "class": "C.albicans",
            "height": 25,
            "id": 28,
            "width": 25,
            "x": 1078,
            "y": 1535
        },
        {
            "class": "C.albicans",
            "height": 21,
            "id": 29,
            "width": 21,
            "x": 954,
            "y": 1533
        },
        {
            "class": "C.albicans",
            "height": 31,
            "id": 30,
            "width": 31,
            "x": 555,
            "y": 1549
        },
        {
            "class": "C.albicans",
            "height": 28,
            "id": 31,
            "width": 28,
            "x": 486,
            "y": 1273
        },
        {
            "class": "C.albicans",
            "height": 26,
            "id": 32,
            "width": 23,
            "x": 480,
            "y": 1182
        }
    ],
    "sample_id": 13938
}