{
    "background": "lower-resolution",
    "classes": [
        "P.aeruginosa"
    ],
    "colonies_number": 15,
    "labels": [
        {
            "class": "P.aeruginosa",
            "height": 228,
            "id": 1,
            "width": 228,
            "x": 1202,
            "y": 377
        },
        {
            "class": "P.aeruginosa",
            "height": 171,
            "id": 2,
            "width": 171,
            "x": 1058,
            "y": 281
        },
        {
            "class": "P.aeruginosa",
            "height": 128,
            "id": 3,
            "width": 128,
            "x": 1684,
            "y": 868
        },
        {
            "class": "P.aeruginosa",
            "height": 128,
            "id": 4,
            "width": 128,
            "x": 1585,
            "y": 601
        },
        {
            "class": "P.aeruginosa",
            "height": 171,
            "id": 5,
            "width": 171,
            "x": 1295,
            "y": 699
        },
        {
            "class": "P.aeruginosa",
            "height": 188,
            "id": 6,
            "width": 188,
            "x": 1152,
            "y": 733
        },
        {
            "class": "P.aeruginosa",
            "height": 155,
            "id": 7,
            "width": 155,
            "x": 1265,
            "y": 820
        },
        {
            "class": "P.aeruginosa",
            "height": 117,
            "id": 8,
            "width": 117,
            "x": 1300,
            "y": 1072
        },
        {
            "class": "P.aeruginosa",
            "height": 141,
            "id": 9,
            "width": 141,
            "x": 1734,
            "y": 1038
        },
        {
            "class": "P.aeruginosa",
            "height": 141,
            "id": 10,
            "width": 141,
            "x": 973,
            "y": 1341
        },
        {
            "class": "P.aeruginosa",
            "height": 155,
            "id": 11,
            "width": 155,
            "x": 613,
            "y": 1162
        },
        {
            "class": "P.aeruginosa",
            "height": 207,
            "id": 12,
            "width": 207,
            "x": 280,
            "y": 986
        },
        {
            "class": "P.aeruginosa",
            "height": 141,
            "id": 13,
            "width": 141,
            "x": 151,
            "y": 965
        },
        {
            "class": "P.aeruginosa",
            "height": 171,
            "id": 14,
            "width": 171,
            "x": 252,
            "y": 813
        },
        {
            "class": "P.aeruginosa",
            "height": 228,
            "id": 15,
            "width": 228,
            "x": 651,
            "y": 566
        }
    ],
    "sample_id": 14512
}