{
    "background": "lower-resolution",
    "classes": [
        "E.coli",
        "S.aureus"
    ],
    "colonies_number": 125,
    "labels": [
        {
            "class": "S.aureus",
            "height": 29,
            "id": 1,
            "width": 29,
            "x": 1124,
            "y": 733
        },
        {
            "class": "S.aureus",
            "height": 29,
            "id": 2,
            "width": 29,
            "x": 1373,
            "y": 772
        },
        {
            "class": "S.aureus",
            "height": 29,
            "id": 3,
            "width": 29,
            "x": 1284,
            "y": 692
        },
        {
            "class": "S.aureus",
            "height": 29,
            "id": 4,
            "width": 29,
            "x": 1204,
            "y": 629
        },
        {
            "class": "S.aureus",
            "height": 29,
            "id": 5,
            "width": 29,
            "x": 1503,
            "y": 696
        },
        {
            "class": "S.aureus",
            "height": 29,
            "id": 6,
            "width": 29,
            "x": 1545,
            "y": 742
        },
        {
            "class": "S.aureus",
            "height": 29,
            "id": 7,
            "width": 29,
            "x": 1573,
            "y": 752
        },
        {
            "class": "S.aureus",
            "height": 29,
            "id": 8,
            "width": 29,
            "x": 1649,
            "y": 823
        },
        {
            "class": "S.aureus",
            "height": 29,
            "id": 9,
            "width": 29,
            "x": 1643,
            "y": 837
        },
        {
            "class": "S.aureus",
            "height": 29,
            "id": 10,
            "width": 29,
            "x": 1122,
            "y": 847
        },
        {
            "class": "S.aureus",
            "height": 29,
            "id": 11,
            "width": 29,
            "x": 1329,
            "y": 887
        },
        {
            "class": "S.aureus",
            "height": 29,
            "id": 12,
            "width": 29,
            "x": 1279,
            "y": 884
        },
        {
            "class": "S.aureus",
            "height": 29,
            "id": 13,
            "width": 29,
            "x": 1253,
            "y": 944
        },
        {
            "class": "S.aureus",
            "height": 29,
            "id": 14,
            "width": 29,
            "x": 1416,
            "y": 947
        },
        {
            "class": "S.aureus",
            "height": 29,
            "id": 15,
            "width": 29,
            "x": 1542,
            "y": 928
        },
        {
            "class": "S.aureus",
            "height": 29,
            "id": 16,
            "width": 29,
            "x": 1591,
            "y": 920
        },
        {
            "class": "S.aureus",
            "height": 29,
            "id": 17,
            "width": 29,
            "x": 1404,
            "y": 1049
        },
        {
            "class": "S.aureus",
            "height": 29,
            "id": 18,
            "width": 29,
            "x": 1510,
            "y": 1061
        },
        {
            "class": "S.aureus",
            "height": 29,
            "id": 19,
            "width": 29,
            "x": 1445,
            "y": 1111
        },
        {
            "class": "S.aureus",
            "height": 29,
            "id": 20,
            "width": 29,
            "x": 1634,
            "y": 1016
        },
        {
            "class": "S.aureus",
            "height": 29,
            "id": 21,
            "width": 29,
            "x": 1674,
            "y": 974
        },
        {
            "class": "S.aureus",
            "height": 29,
            "id": 22,
            "width": 29,
            "x": 1729,
            "y": 775
        },
        {
            "class": "S.aureus",
            "height": 29,
            "id": 23,
            "width": 29,
            "x": 1748,
            "y": 631
        },
        {
            "class": "S.aureus",
            "height": 29,
            "id": 24,
            "width": 29,
            "x": 1813,
            "y": 1146
        },
        {
            "class": "S.aureus",
            "height": 29,
            "id": 25,
            "width": 29,
            "x": 1820,
            "y": 1303
        },
        {
            "class": "S.aureus",
            "height": 29,
            "id": 26,
            "width": 29,
            "x": 1458,
            "y": 1391
        },
        {
            "class": "S.aureus",
            "height": 29,
            "id": 27,
            "width": 29,
            "x": 1448,
            "y": 1400
        },
        {
            "class": "S.aureus",
            "height": 29,
            "id": 28,
            "width": 29,
            "x": 1417,
            "y": 1323
        },
        {
            "class": "S.aureus",
            "height": 29,
            "id": 29,
            "width": 29,
            "x": 1363,
            "y": 1417
        },
        {
            "class": "S.aureus",
            "height": 29,
            "id": 30,
            "width": 29,
            "x": 1414,
            "y": 1510
        },
        {
            "class": "S.aureus",
            "height": 29,
            "id": 31,
            "width": 29,
            "x": 1496,
            "y": 1579
        },
        {
            "class": "S.aureus",
            "height": 29,
            "id": 32,
            "width": 29,
            "x": 1469,
            "y": 1599
        },
        {
            "class": "S.aureus",
            "height": 29,
            "id": 33,
            "width": 29,
            "x": 1481,
            "y": 1610
        },
        {
            "class": "S.aureus",
            "height": 29,
            "id": 34,
            "width": 29,
            "x": 1435,
            "y": 1622
        },
        {
            "class": "S.aureus",
            "height": 29,
            "id": 35,
            "width": 29,
            "x": 1417,
            "y": 1631
        },
        {
            "class": "S.aureus",
            "height": 29,
            "id": 36,
            "width": 29,
            "x": 1423,
            "y": 1657
        },
        {
            "class": "S.aureus",
            "height": 29,
            "id": 37,
            "width": 29,
            "x": 1389,
            "y": 1668
        },
        {
            "class": "S.aureus",
            "height": 29,
            "id": 38,
            "width": 29,
            "x": 1401,
            "y": 1703
        },
        {
            "class": "S.aureus",
            "height": 29,
            "id": 39,
            "width": 29,
            "x": 1356,
            "y": 1722
        },
        {
            "class": "S.aureus",
            "height": 29,
            "id": 40,
            "width": 29,
            "x": 1313,
            "y": 1578
        },
        {
            "class": "S.aureus",
            "height": 29,
            "id": 41,
            "width": 29,
            "x": 1169,
            "y": 1638
        },
        {
            "class": "S.aureus",
            "height": 29,
            "id": 42,
            "width": 29,
            "x": 1127,
            "y": 1627
        },
        {
            "class": "S.aureus",
            "height": 29,
            "id": 43,
            "width": 29,
            "x": 1039,
            "y": 1668
        },
        {
            "class": "S.aureus",
            "height": 29,
            "id": 44,
            "width": 29,
            "x": 1011,
            "y": 1668
        },
        {
            "class": "S.aureus",
            "height": 29,
            "id": 45,
            "width": 29,
            "x": 1065,
            "y": 1776
        },
        {
            "class": "S.aureus",
            "height": 29,
            "id": 46,
            "width": 29,
            "x": 1108,
            "y": 1741
        },
        {
            "class": "S.aureus",
            "height": 26,
            "id": 47,
            "width": 26,
            "x": 1159,
            "y": 1798
        },
        {
            "class": "S.aureus",
            "height": 24,
            "id": 48,
            "width": 24,
            "x": 1137,
            "y": 1807
        },
        {
            "class": "S.aureus",
            "height": 29,
            "id": 49,
            "width": 29,
            "x": 1244,
            "y": 1820
        },
        {
            "class": "S.aureus",
            "height": 29,
            "id": 50,
            "width": 29,
            "x": 1059,
            "y": 1828
        },
        {
            "class": "S.aureus",
            "height": 29,
            "id": 51,
            "width": 29,
            "x": 1043,
            "y": 1828
        },
        {
            "class": "S.aureus",
            "height": 29,
            "id": 52,
            "width": 29,
            "x": 1003,
            "y": 1842
        },
        {
            "class": "S.aureus",
            "height": 29,
            "id": 53,
            "width": 29,
            "x": 990,
            "y": 1840
        },
        {
            "class": "S.aureus",
            "height": 29,
            "id": 54,
            "width": 29,
            "x": 951,
            "y": 1783
        },
        {
            "class": "S.aureus",
            "height": 29,
            "id": 55,
            "width": 29,
            "x": 973,
            "y": 1871
        },
        {
            "class": "S.aureus",
            "height": 29,
            "id": 56,
            "width": 29,
            "x": 779,
            "y": 1692
        },
        {
            "class": "S.aureus",
            "height": 29,
            "id": 57,
            "width": 29,
            "x": 638,
            "y": 1744
        },
        {
            "class": "S.aureus",
            "height": 29,
            "id": 58,
            "width": 29,
            "x": 967,
            "y": 1663
        },
        {
            "class": "S.aureus",
            "height": 29,
            "id": 59,
            "width": 29,
            "x": 575,
            "y": 1587
        },
        {
            "class": "S.aureus",
            "height": 29,
            "id": 60,
            "width": 29,
            "x": 847,
            "y": 1586
        },
        {
            "class": "S.aureus",
            "height": 29,
            "id": 61,
            "width": 29,
            "x": 620,
            "y": 1515
        },
        {
            "class": "S.aureus",
            "height": 29,
            "id": 62,
            "width": 29,
            "x": 574,
            "y": 1487
        },
        {
            "class": "S.aureus",
            "height": 29,
            "id": 63,
            "width": 29,
            "x": 830,
            "y": 1445
        },
        {
            "class": "S.aureus",
            "height": 29,
            "id": 64,
            "width": 29,
            "x": 964,
            "y": 1498
        },
        {
            "class": "S.aureus",
            "height": 29,
            "id": 65,
            "width": 29,
            "x": 589,
            "y": 1363
        },
        {
            "class": "S.aureus",
            "height": 29,
            "id": 66,
            "width": 29,
            "x": 620,
            "y": 1303
        },
        {
            "class": "S.aureus",
            "height": 29,
            "id": 67,
            "width": 29,
            "x": 469,
            "y": 1361
        },
        {
            "class": "S.aureus",
            "height": 29,
            "id": 68,
            "width": 29,
            "x": 388,
            "y": 1285
        },
        {
            "class": "S.aureus",
            "height": 29,
            "id": 69,
            "width": 29,
            "x": 312,
            "y": 1366
        },
        {
            "class": "S.aureus",
            "height": 29,
            "id": 70,
            "width": 29,
            "x": 582,
            "y": 1004
        },
        {
            "class": "S.aureus",
            "height": 29,
            "id": 71,
            "width": 29,
            "x": 656,
            "y": 1009
        },
        {
            "class": "S.aureus",
            "height": 29,
            "id": 72,
            "width": 29,
            "x": 721,
            "y": 1114
        },
        {
            "class": "S.aureus",
            "height": 29,
            "id": 73,
            "width": 29,
            "x": 494,
            "y": 989
        },
        {
            "class": "S.aureus",
            "height": 29,
            "id": 74,
            "width": 29,
            "x": 724,
            "y": 922
        },
        {
            "class": "S.aureus",
            "height": 29,
            "id": 75,
            "width": 29,
            "x": 403,
            "y": 945
        },
        {
            "class": "S.aureus",
            "height": 29,
            "id": 76,
            "width": 29,
            "x": 433,
            "y": 910
        },
        {
            "class": "S.aureus",
            "height": 29,
            "id": 77,
            "width": 29,
            "x": 765,
            "y": 1104
        },
        {
            "class": "S.aureus",
            "height": 29,
            "id": 78,
            "width": 29,
            "x": 786,
            "y": 1107
        },
        {
            "class": "S.aureus",
            "height": 29,
            "id": 79,
            "width": 29,
            "x": 823,
            "y": 1021
        },
        {
            "class": "S.aureus",
            "height": 29,
            "id": 80,
            "width": 29,
            "x": 1017,
            "y": 1054
        },
        {
            "class": "S.aureus",
            "height": 29,
            "id": 81,
            "width": 29,
            "x": 1104,
            "y": 1062
        },
        {
            "class": "S.aureus",
            "height": 29,
            "id": 82,
            "width": 29,
            "x": 1115,
            "y": 1062
        },
        {
            "class": "S.aureus",
            "height": 29,
            "id": 83,
            "width": 29,
            "x": 1183,
            "y": 1303
        },
        {
            "class": "S.aureus",
            "height": 29,
            "id": 84,
            "width": 29,
            "x": 1006,
            "y": 1328
        },
        {
            "class": "S.aureus",
            "height": 29,
            "id": 85,
            "width": 29,
            "x": 979,
            "y": 1359
        },
        {
            "class": "S.aureus",
            "height": 29,
            "id": 86,
            "width": 29,
            "x": 1182,
            "y": 1413
        },
        {
            "class": "S.aureus",
            "height": 29,
            "id": 87,
            "width": 29,
            "x": 1409,
            "y": 1257
        },
        {
            "class": "S.aureus",
            "height": 29,
            "id": 88,
            "width": 29,
            "x": 963,
            "y": 677
        },
        {
            "class": "S.aureus",
            "height": 29,
            "id": 89,
            "width": 29,
            "x": 722,
            "y": 558
        },
        {
            "class": "S.aureus",
            "height": 29,
            "id": 90,
            "width": 29,
            "x": 1028,
            "y": 497
        },
        {
            "class": "S.aureus",
            "height": 29,
            "id": 91,
            "width": 29,
            "x": 674,
            "y": 398
        },
        {
            "class": "S.aureus",
            "height": 29,
            "id": 92,
            "width": 29,
            "x": 499,
            "y": 617
        },
        {
            "class": "S.aureus",
            "height": 29,
            "id": 93,
            "width": 29,
            "x": 376,
            "y": 638
        },
        {
            "class": "S.aureus",
            "height": 29,
            "id": 94,
            "width": 29,
            "x": 633,
            "y": 746
        },
        {
            "class": "S.aureus",
            "height": 29,
            "id": 95,
            "width": 29,
            "x": 660,
            "y": 794
        },
        {
            "class": "S.aureus",
            "height": 29,
            "id": 96,
            "width": 29,
            "x": 472,
            "y": 807
        },
        {
            "class": "S.aureus",
            "height": 29,
            "id": 97,
            "width": 29,
            "x": 259,
            "y": 859
        },
        {
            "class": "S.aureus",
            "height": 29,
            "id": 98,
            "width": 29,
            "x": 252,
            "y": 846
        },
        {
            "class": "S.aureus",
            "height": 29,
            "id": 99,
            "width": 29,
            "x": 1179,
            "y": 571
        },
        {
            "class": "S.aureus",
            "height": 29,
            "id": 100,
            "width": 29,
            "x": 1232,
            "y": 479
        },
        {
            "class": "S.aureus",
            "height": 29,
            "id": 101,
            "width": 29,
            "x": 1452,
            "y": 425
        },
        {
            "class": "S.aureus",
            "height": 29,
            "id": 102,
            "width": 29,
            "x": 1593,
            "y": 464
        },
        {
            "class": "E.coli",
            "height": 128,
            "id": 103,
            "width": 128,
            "x": 1108,
            "y": 173
        },
        {
            "class": "E.coli",
            "height": 116,
            "id": 104,
            "width": 116,
            "x": 950,
            "y": 223
        },
        {
            "class": "E.coli",
            "height": 116,
            "id": 105,
            "width": 116,
            "x": 1044,
            "y": 351
        },
        {
            "class": "E.coli",
            "height": 141,
            "id": 106,
            "width": 141,
            "x": 1341,
            "y": 380
        },
        {
            "class": "E.coli",
            "height": 141,
            "id": 107,
            "width": 141,
            "x": 1722,
            "y": 700
        },
        {
            "class": "E.coli",
            "height": 141,
            "id": 108,
            "width": 141,
            "x": 962,
            "y": 706
        },
        {
            "class": "E.coli",
            "height": 128,
            "id": 109,
            "width": 128,
            "x": 667,
            "y": 677
        },
        {
            "class": "E.coli",
            "height": 128,
            "id": 110,
            "width": 128,
            "x": 601,
            "y": 618
        },
        {
            "class": "E.coli",
            "height": 128,
            "id": 111,
            "width": 128,
            "x": 500,
            "y": 627
        },
        {
            "class": "E.coli",
            "height": 155,
            "id": 112,
            "width": 155,
            "x": 760,
            "y": 408
        },
        {
            "class": "E.coli",
            "height": 128,
            "id": 113,
            "width": 128,
            "x": 573,
            "y": 322
        },
        {
            "class": "E.coli",
            "height": 116,
            "id": 114,
            "width": 116,
            "x": 661,
            "y": 996
        },
        {
            "class": "E.coli",
            "height": 141,
            "id": 115,
            "width": 141,
            "x": 910,
            "y": 1198
        },
        {
            "class": "E.coli",
            "height": 141,
            "id": 116,
            "width": 141,
            "x": 1067,
            "y": 1202
        },
        {
            "class": "E.coli",
            "height": 171,
            "id": 117,
            "width": 171,
            "x": 1261,
            "y": 1367
        },
        {
            "class": "E.coli",
            "height": 128,
            "id": 118,
            "width": 128,
            "x": 920,
            "y": 1374
        },
        {
            "class": "E.coli",
            "height": 128,
            "id": 119,
            "width": 128,
            "x": 813,
            "y": 1388
        },
        {
            "class": "E.coli",
            "height": 141,
            "id": 120,
            "width": 141,
            "x": 406,
            "y": 1370
        },
        {
            "class": "E.coli",
            "height": 141,
            "id": 121,
            "width": 141,
            "x": 174,
            "y": 1229
        },
        {
            "class": "E.coli",
            "height": 128,
            "id": 122,
            "width": 128,
            "x": 457,
            "y": 1633
        },
        {
            "class": "E.coli",
            "height": 141,
            "id": 123,
            "width": 141,
            "x": 861,
            "y": 1628
        },
        {
            "class": "E.coli",
            "height": 155,
            "id": 124,
            "width": 155,
            "x": 1101,
            "y": 1690
        },
        {
            "class": "E.coli",
            "height": 128,
            "id": 125,
            "width": 128,
            "x": 1713,
            "y": 1136
        }
    ],
    "sample_id": 14581
}