{
    "background": "lower-resolution",
    "classes": [
        "E.coli"
    ],
    "colonies_number": 55,
    "labels": [
        {
            "class": "E.coli",
            "height": 128,
            "id": 1,
            "width": 128,
            "x": 1124,
            "y": 307
        },
        {
            "class": "E.coli",
            "height": 128,
            "id": 2,
            "width": 128,
            "x": 864,
            "y": 171
        },
        {
            "class": "E.coli",
            "height": 116,
            "id": 3,
            "width": 116,
            "x": 695,
            "y": 199
        },
        {
            "class": "E.coli",
            "height": 116,
            "id": 4,
            "width": 116,
            "x": 737,
            "y": 420
        },
        {
            "class": "E.coli",
            "height": 155,
            "id": 5,
            "width": 155,
            "x": 487,
            "y": 389
        },
        {
            "class": "E.coli",
            "height": 116,
            "id": 6,
            "width": 116,
            "x": 767,
            "y": 581
        },
        {
            "class": "E.coli",
            "height": 116,
            "id": 7,
            "width": 116,
            "x": 885,
            "y": 538
        },
        {
            "class": "E.coli",
            "height": 116,
            "id": 8,
            "width": 116,
            "x": 768,
            "y": 651
        },
        {
            "class": "E.coli",
            "height": 116,
            "id": 9,
            "width": 116,
            "x": 777,
            "y": 760
        },
        {
            "class": "E.coli",
            "height": 128,
            "id": 10,
            "width": 128,
            "x": 753,
            "y": 860
        },
        {
            "class": "E.coli",
            "height": 116,
            "id": 11,
            "width": 116,
            "x": 968,
            "y": 846
        },
        {
            "class": "E.coli",
            "height": 141,
            "id": 12,
            "width": 141,
            "x": 752,
            "y": 971
        },
        {
            "class": "E.coli",
            "height": 128,
            "id": 13,
            "width": 128,
            "x": 918,
            "y": 1101
        },
        {
            "class": "E.coli",
            "height": 141,
            "id": 14,
            "width": 141,
            "x": 901,
            "y": 1297
        },
        {
            "class": "E.coli",
            "height": 128,
            "id": 15,
            "width": 128,
            "x": 1078,
            "y": 1307
        },
        {
            "class": "E.coli",
            "height": 128,
            "id": 16,
            "width": 128,
            "x": 970,
            "y": 1429
        },
        {
            "class": "E.coli",
            "height": 128,
            "id": 17,
            "width": 128,
            "x": 774,
            "y": 1444
        },
        {
            "class": "E.coli",
            "height": 128,
            "id": 18,
            "width": 128,
            "x": 577,
            "y": 1391
        },
        {
            "class": "E.coli",
            "height": 141,
            "id": 19,
            "width": 141,
            "x": 508,
            "y": 1265
        },
        {
            "class": "E.coli",
            "height": 141,
            "id": 20,
            "width": 141,
            "x": 393,
            "y": 1134
        },
        {
            "class": "E.coli",
            "height": 116,
            "id": 21,
            "width": 116,
            "x": 144,
            "y": 1047
        },
        {
            "class": "E.coli",
            "height": 128,
            "id": 22,
            "width": 128,
            "x": 193,
            "y": 948
        },
        {
            "class": "E.coli",
            "height": 171,
            "id": 23,
            "width": 171,
            "x": 379,
            "y": 826
        },
        {
            "class": "E.coli",
            "height": 171,
            "id": 24,
            "width": 171,
            "x": 337,
            "y": 622
        },
        {
            "class": "E.coli",
            "height": 128,
            "id": 25,
            "width": 128,
            "x": 490,
            "y": 1441
        },
        {
            "class": "E.coli",
            "height": 128,
            "id": 26,
            "width": 128,
            "x": 485,
            "y": 1597
        },
        {
            "class": "E.coli",
            "height": 128,
            "id": 27,
            "width": 128,
            "x": 737,
            "y": 1528
        },
        {
            "class": "E.coli",
            "height": 128,
            "id": 28,
            "width": 128,
            "x": 790,
            "y": 1608
        },
        {
            "class": "E.coli",
            "height": 106,
            "id": 29,
            "width": 106,
            "x": 848,
            "y": 1575
        },
        {
            "class": "E.coli",
            "height": 116,
            "id": 30,
            "width": 116,
            "x": 883,
            "y": 1518
        },
        {
            "class": "E.coli",
            "height": 128,
            "id": 31,
            "width": 128,
            "x": 951,
            "y": 1559
        },
        {
            "class": "E.coli",
            "height": 128,
            "id": 32,
            "width": 128,
            "x": 1078,
            "y": 1662
        },
        {
            "class": "E.coli",
            "height": 141,
            "id": 33,
            "width": 141,
            "x": 1058,
            "y": 1750
        },
        {
            "class": "E.coli",
            "height": 128,
            "id": 34,
            "width": 128,
            "x": 839,
            "y": 1732
        },
        {
            "class": "E.coli",
            "height": 116,
            "id": 35,
            "width": 116,
            "x": 1296,
            "y": 1755
        },
        {
            "class": "E.coli",
            "height": 116,
            "id": 36,
            "width": 116,
            "x": 1384,
            "y": 1760
        },
        {
            "class": "E.coli",
            "height": 96,
            "id": 37,
            "width": 96,
            "x": 1402,
            "y": 1678
        },
        {
            "class": "E.coli",
            "height": 106,
            "id": 38,
            "width": 106,
            "x": 1472,
            "y": 1708
        },
        {
            "class": "E.coli",
            "height": 116,
            "id": 39,
            "width": 116,
            "x": 1548,
            "y": 1545
        },
        {
            "class": "E.coli",
            "height": 106,
            "id": 40,
            "width": 106,
            "x": 1469,
            "y": 1515
        },
        {
            "class": "E.coli",
            "height": 106,
            "id": 41,
            "width": 106,
            "x": 1409,
            "y": 1517
        },
        {
            "class": "E.coli",
            "height": 87,
            "id": 42,
            "width": 87,
            "x": 1364,
            "y": 1468
        },
        {
            "class": "E.coli",
            "height": 87,
            "id": 43,
            "width": 87,
            "x": 1429,
            "y": 1460
        },
        {
            "class": "E.coli",
            "height": 116,
            "id": 44,
            "width": 116,
            "x": 1643,
            "y": 1308
        },
        {
            "class": "E.coli",
            "height": 116,
            "id": 45,
            "width": 116,
            "x": 1649,
            "y": 1153
        },
        {
            "class": "E.coli",
            "height": 128,
            "id": 46,
            "width": 128,
            "x": 1554,
            "y": 1033
        },
        {
            "class": "E.coli",
            "height": 116,
            "id": 47,
            "width": 116,
            "x": 1328,
            "y": 987
        },
        {
            "class": "E.coli",
            "height": 116,
            "id": 48,
            "width": 116,
            "x": 1393,
            "y": 937
        },
        {
            "class": "E.coli",
            "height": 116,
            "id": 49,
            "width": 116,
            "x": 1359,
            "y": 1317
        },
        {
            "class": "E.coli",
            "height": 141,
            "id": 50,
            "width": 141,
            "x": 1385,
            "y": 756
        },
        {
            "class": "E.coli",
            "height": 141,
            "id": 51,
            "width": 141,
            "x": 1334,
            "y": 610
        },
        {
            "class": "E.coli",
            "height": 128,
            "id": 52,
            "width": 128,
            "x": 1413,
            "y": 564
        },
        {
            "class": "E.coli",
            "height": 116,
            "id": 53,
            "width": 116,
            "x": 1474,
            "y": 565
        },
        {
            "class": "E.coli",
            "height": 128,
            "id": 54,
            "width": 128,
            "x": 1086,
            "y": 610
        },
        {
            "class": "E.coli",
            "height": 116,
            "id": 55,
            "width": 116,
            "x": 1724,
            "y": 687
        }
    ],
    "sample_id": 14684
}