{
    "background": "vague",
    "classes": [
        "E.coli",
        "S.aureus"
    ],
    "colonies_number": 5,
    "labels": [
        {
            "class": "S.aureus",
            "height": 51,
            "id": 1,
            "width": 51,
            "x": 1508,
            "y": 1575
        },
        {
            "class": "S.aureus",
            "height": 51,
            "id": 2,
            "width": 51,
            "x": 769,
            "y": 2556
        },
        {
            "class": "E.coli",
            "height": 155,
            "id": 3,
            "width": 155,
            "x": 198,
            "y": 1771
        },
        {
            "class": "E.coli",
            "height": 228,
            "id": 4,
            "width": 228,
            "x": 591,
            "y": 2146
        },
        {
            "class": "E.coli",
            "height": 188,
            "id": 5,
            "width": 188,
            "x": 761,
            "y": 1243
        }
    ],
    "sample_id": 11773
}