{
    "background": "vague",
    "classes": [
        "E.coli",
        "S.aureus"
    ],
    "colonies_number": 31,
    "labels": [
        {
            "class": "S.aureus",
            "height": 57,
            "id": 1,
            "width": 57,
            "x": 724,
            "y": 1671
        },
        {
            "class": "S.aureus",
            "height": 57,
            "id": 2,
            "width": 57,
            "x": 469,
            "y": 1716
        },
        {
            "class": "S.aureus",
            "height": 57,
            "id": 3,
            "width": 57,
            "x": 324,
            "y": 1538
        },
        {
            "class": "S.aureus",
            "height": 57,
            "id": 4,
            "width": 57,
            "x": 498,
            "y": 1359
        },
        {
            "class": "S.aureus",
            "height": 57,
            "id": 5,
            "width": 57,
            "x": 1937,
            "y": 975
        },
        {
            "class": "S.aureus",
            "height": 57,
            "id": 6,
            "width": 57,
            "x": 2336,
            "y": 2137
        },
        {
            "class": "S.aureus",
            "height": 57,
            "id": 7,
            "width": 57,
            "x": 2033,
            "y": 1932
        },
        {
            "class": "S.aureus",
            "height": 57,
            "id": 8,
            "width": 57,
            "x": 1910,
            "y": 2001
        },
        {
            "class": "S.aureus",
            "height": 57,
            "id": 9,
            "width": 57,
            "x": 2221,
            "y": 2451
        },
        {
            "class": "S.aureus",
            "height": 57,
            "id": 10,
            "width": 57,
            "x": 2340,
            "y": 2654
        },
        {
            "class": "S.aureus",
            "height": 57,
            "id": 11,
            "width": 57,
            "x": 2218,
            "y": 2824
        },
        {
            "class": "S.aureus",
            "height": 57,
            "id": 12,
            "width": 57,
            "x": 1295,
            "y": 2882
        },
        {
            "class": "S.aureus",
            "height": 57,
            "id": 13,
            "width": 57,
            "x": 1570,
            "y": 2283
        },
        {
            "class": "S.aureus",
            "height": 57,
            "id": 14,
            "width": 57,
            "x": 1618,
            "y": 1514
        },
        {
            "class": "S.aureus",
            "height": 57,
            "id": 15,
            "width": 57,
            "x": 1468,
            "y": 1458
        },
        {
            "class": "E.coli",
            "height": 171,
            "id": 16,
            "width": 171,
            "x": 664,
            "y": 1405
        },
        {
            "class": "E.coli",
            "height": 171,
            "id": 17,
            "width": 171,
            "x": 841,
            "y": 1613
        },
        {
            "class": "E.coli",
            "height": 171,
            "id": 18,
            "width": 171,
            "x": 569,
            "y": 1834
        },
        {
            "class": "E.coli",
            "height": 171,
            "id": 19,
            "width": 171,
            "x": 1069,
            "y": 1864
        },
        {
            "class": "E.coli",
            "height": 171,
            "id": 20,
            "width": 171,
            "x": 276,
            "y": 2248
        },
        {
            "class": "E.coli",
            "height": 171,
            "id": 21,
            "width": 171,
            "x": 969,
            "y": 2485
        },
        {
            "class": "E.coli",
            "height": 171,
            "id": 22,
            "width": 171,
            "x": 935,
            "y": 2881
        },
        {
            "class": "E.coli",
            "height": 171,
            "id": 23,
            "width": 171,
            "x": 1333,
            "y": 2157
        },
        {
            "class": "E.coli",
            "height": 171,
            "id": 24,
            "width": 171,
            "x": 1855,
            "y": 2276
        },
        {
            "class": "E.coli",
            "height": 171,
            "id": 25,
            "width": 171,
            "x": 2254,
            "y": 2465
        },
        {
            "class": "E.coli",
            "height": 106,
            "id": 26,
            "width": 106,
            "x": 2316,
            "y": 2256
        },
        {
            "class": "E.coli",
            "height": 155,
            "id": 27,
            "width": 155,
            "x": 1577,
            "y": 1854
        },
        {
            "class": "E.coli",
            "height": 155,
            "id": 28,
            "width": 155,
            "x": 1388,
            "y": 1916
        },
        {
            "class": "E.coli",
            "height": 155,
            "id": 29,
            "width": 155,
            "x": 1584,
            "y": 1527
        },
        {
            "class": "E.coli",
            "height": 171,
            "id": 30,
            "width": 171,
            "x": 2414,
            "y": 1659
        },
        {
            "class": "E.coli",
            "height": 171,
            "id": 31,
            "width": 171,
            "x": 1735,
            "y": 1235
        }
    ],
    "sample_id": 11884
}