{
    "background": "vague",
    "classes": [
        "E.coli",
        "S.aureus"
    ],
    "colonies_number": 58,
    "labels": [
        {
            "class": "S.aureus",
            "height": 47,
            "id": 1,
            "width": 47,
            "x": 1082,
            "y": 2013
        },
        {
            "class": "S.aureus",
            "height": 39,
            "id": 2,
            "width": 39,
            "x": 1333,
            "y": 2093
        },
        {
            "class": "S.aureus",
            "height": 39,
            "id": 3,
            "width": 39,
            "x": 1461,
            "y": 2443
        },
        {
            "class": "S.aureus",
            "height": 42,
            "id": 4,
            "width": 42,
            "x": 1222,
            "y": 2563
        },
        {
            "class": "S.aureus",
            "height": 39,
            "id": 5,
            "width": 39,
            "x": 1073,
            "y": 2417
        },
        {
            "class": "S.aureus",
            "height": 39,
            "id": 6,
            "width": 39,
            "x": 757,
            "y": 2302
        },
        {
            "class": "S.aureus",
            "height": 29,
            "id": 7,
            "width": 29,
            "x": 738,
            "y": 2200
        },
        {
            "class": "S.aureus",
            "height": 35,
            "id": 8,
            "width": 35,
            "x": 588,
            "y": 2123
        },
        {
            "class": "S.aureus",
            "height": 47,
            "id": 9,
            "width": 47,
            "x": 666,
            "y": 1903
        },
        {
            "class": "S.aureus",
            "height": 35,
            "id": 10,
            "width": 35,
            "x": 561,
            "y": 1769
        },
        {
            "class": "S.aureus",
            "height": 32,
            "id": 11,
            "width": 32,
            "x": 497,
            "y": 1915
        },
        {
            "class": "S.aureus",
            "height": 32,
            "id": 12,
            "width": 32,
            "x": 741,
            "y": 1736
        },
        {
            "class": "S.aureus",
            "height": 32,
            "id": 13,
            "width": 32,
            "x": 857,
            "y": 1281
        },
        {
            "class": "S.aureus",
            "height": 32,
            "id": 14,
            "width": 32,
            "x": 814,
            "y": 1170
        },
        {
            "class": "S.aureus",
            "height": 35,
            "id": 15,
            "width": 35,
            "x": 1131,
            "y": 1348
        },
        {
            "class": "S.aureus",
            "height": 47,
            "id": 16,
            "width": 47,
            "x": 1507,
            "y": 806
        },
        {
            "class": "S.aureus",
            "height": 39,
            "id": 17,
            "width": 39,
            "x": 1702,
            "y": 1099
        },
        {
            "class": "S.aureus",
            "height": 39,
            "id": 18,
            "width": 39,
            "x": 1621,
            "y": 1166
        },
        {
            "class": "S.aureus",
            "height": 47,
            "id": 19,
            "width": 47,
            "x": 2224,
            "y": 1385
        },
        {
            "class": "S.aureus",
            "height": 39,
            "id": 20,
            "width": 39,
            "x": 1880,
            "y": 1597
        },
        {
            "class": "S.aureus",
            "height": 42,
            "id": 21,
            "width": 42,
            "x": 2279,
            "y": 1834
        },
        {
            "class": "S.aureus",
            "height": 42,
            "id": 22,
            "width": 42,
            "x": 2565,
            "y": 1747
        },
        {
            "class": "S.aureus",
            "height": 39,
            "id": 23,
            "width": 39,
            "x": 2007,
            "y": 1967
        },
        {
            "class": "S.aureus",
            "height": 39,
            "id": 24,
            "width": 39,
            "x": 2259,
            "y": 2172
        },
        {
            "class": "S.aureus",
            "height": 35,
            "id": 25,
            "width": 35,
            "x": 1967,
            "y": 2324
        },
        {
            "class": "S.aureus",
            "height": 42,
            "id": 26,
            "width": 42,
            "x": 2483,
            "y": 2572
        },
        {
            "class": "S.aureus",
            "height": 35,
            "id": 27,
            "width": 35,
            "x": 1316,
            "y": 2798
        },
        {
            "class": "S.aureus",
            "height": 35,
            "id": 28,
            "width": 35,
            "x": 1124,
            "y": 2942
        },
        {
            "class": "S.aureus",
            "height": 29,
            "id": 29,
            "width": 29,
            "x": 835,
            "y": 2789
        },
        {
            "class": "S.aureus",
            "height": 32,
            "id": 30,
            "width": 32,
            "x": 477,
            "y": 2720
        },
        {
            "class": "S.aureus",
            "height": 39,
            "id": 31,
            "width": 39,
            "x": 1212,
            "y": 1515
        },
        {
            "class": "S.aureus",
            "height": 35,
            "id": 32,
            "width": 35,
            "x": 1609,
            "y": 2507
        },
        {
            "class": "E.coli",
            "height": 141,
            "id": 33,
            "width": 141,
            "x": 1486,
            "y": 1249
        },
        {
            "class": "E.coli",
            "height": 155,
            "id": 34,
            "width": 155,
            "x": 1351,
            "y": 1104
        },
        {
            "class": "E.coli",
            "height": 155,
            "id": 35,
            "width": 155,
            "x": 1260,
            "y": 828
        },
        {
            "class": "E.coli",
            "height": 141,
            "id": 36,
            "width": 141,
            "x": 737,
            "y": 952
        },
        {
            "class": "E.coli",
            "height": 171,
            "id": 37,
            "width": 171,
            "x": 518,
            "y": 1348
        },
        {
            "class": "E.coli",
            "height": 155,
            "id": 38,
            "width": 155,
            "x": 385,
            "y": 1964
        },
        {
            "class": "E.coli",
            "height": 171,
            "id": 39,
            "width": 171,
            "x": 758,
            "y": 2104
        },
        {
            "class": "E.coli",
            "height": 155,
            "id": 40,
            "width": 155,
            "x": 390,
            "y": 2283
        },
        {
            "class": "E.coli",
            "height": 171,
            "id": 41,
            "width": 171,
            "x": 615,
            "y": 2406
        },
        {
            "class": "E.coli",
            "height": 155,
            "id": 42,
            "width": 155,
            "x": 744,
            "y": 2448
        },
        {
            "class": "E.coli",
            "height": 155,
            "id": 43,
            "width": 155,
            "x": 900,
            "y": 2395
        },
        {
            "class": "E.coli",
            "height": 171,
            "id": 44,
            "width": 171,
            "x": 1134,
            "y": 2069
        },
        {
            "class": "E.coli",
            "height": 188,
            "id": 45,
            "width": 188,
            "x": 1357,
            "y": 2072
        },
        {
            "class": "E.coli",
            "height": 128,
            "id": 46,
            "width": 128,
            "x": 1504,
            "y": 2058
        },
        {
            "class": "E.coli",
            "height": 155,
            "id": 47,
            "width": 155,
            "x": 1639,
            "y": 2058
        },
        {
            "class": "E.coli",
            "height": 188,
            "id": 48,
            "width": 188,
            "x": 1591,
            "y": 2359
        },
        {
            "class": "E.coli",
            "height": 128,
            "id": 49,
            "width": 128,
            "x": 1861,
            "y": 2791
        },
        {
            "class": "E.coli",
            "height": 141,
            "id": 50,
            "width": 141,
            "x": 1691,
            "y": 2968
        },
        {
            "class": "E.coli",
            "height": 141,
            "id": 51,
            "width": 141,
            "x": 1987,
            "y": 3021
        },
        {
            "class": "E.coli",
            "height": 128,
            "id": 52,
            "width": 128,
            "x": 2177,
            "y": 2678
        },
        {
            "class": "E.coli",
            "height": 155,
            "id": 53,
            "width": 155,
            "x": 2178,
            "y": 2504
        },
        {
            "class": "E.coli",
            "height": 128,
            "id": 54,
            "width": 128,
            "x": 2075,
            "y": 2464
        },
        {
            "class": "E.coli",
            "height": 141,
            "id": 55,
            "width": 141,
            "x": 2170,
            "y": 2277
        },
        {
            "class": "E.coli",
            "height": 188,
            "id": 56,
            "width": 188,
            "x": 2067,
            "y": 1985
        },
        {
            "class": "E.coli",
            "height": 171,
            "id": 57,
            "width": 171,
            "x": 1862,
            "y": 1489
        },
        {
            "class": "E.coli",
            "height": 171,
            "id": 58,
            "width": 171,
            "x": 2082,
            "y": 1062
        }
    ],
    "sample_id": 11924
}