{
    "background": "vague",
    "classes": [
        "E.coli",
        "S.aureus"
    ],
    "colonies_number": 4,
    "labels": [
        {
            "class": "S.aureus",
            "height": 51,
            "id": 1,
            "width": 51,
            "x": 1881,
            "y": 1940
        },
        {
            "class": "E.coli",
            "height": 171,
            "id": 2,
            "width": 171,
            "x": 1800,
            "y": 2621
        },
        {
            "class": "E.coli",
            "height": 141,
            "id": 3,
            "width": 141,
            "x": 193,
            "y": 2249
        },
        {
            "class": "E.coli",
            "height": 171,
            "id": 4,
            "width": 171,
            "x": 1141,
            "y": 1177
        }
    ],
    "sample_id": 11955
}