{
    "background": "vague",
    "classes": [
        "P.aeruginosa",
        "S.aureus"
    ],
    "colonies_number": 41,
    "labels": [
        {
            "class": "S.aureus",
            "height": 42,
            "id": 1,
            "width": 42,
            "x": 839,
            "y": 1954
        },
        {
            "class": "S.aureus",
            "height": 39,
            "id": 2,
            "width": 39,
            "x": 741,
            "y": 1951
        },
        {
            "class": "S.aureus",
            "height": 42,
            "id": 3,
            "width": 42,
            "x": 449,
            "y": 1905
        },
        {
            "class": "S.aureus",
            "height": 42,
            "id": 4,
            "width": 42,
            "x": 798,
            "y": 1741
        },
        {
            "class": "S.aureus",
            "height": 47,
            "id": 5,
            "width": 47,
            "x": 691,
            "y": 1572
        },
        {
            "class": "S.aureus",
            "height": 39,
            "id": 6,
            "width": 39,
            "x": 790,
            "y": 1520
        },
        {
            "class": "S.aureus",
            "height": 51,
            "id": 7,
            "width": 51,
            "x": 718,
            "y": 1500
        },
        {
            "class": "S.aureus",
            "height": 42,
            "id": 8,
            "width": 42,
            "x": 719,
            "y": 1442
        },
        {
            "class": "S.aureus",
            "height": 42,
            "id": 9,
            "width": 42,
            "x": 1117,
            "y": 1098
        },
        {
            "class": "S.aureus",
            "height": 47,
            "id": 10,
            "width": 47,
            "x": 1388,
            "y": 1182
        },
        {
            "class": "S.aureus",
            "height": 57,
            "id": 11,
            "width": 57,
            "x": 2017,
            "y": 1309
        },
        {
            "class": "S.aureus",
            "height": 51,
            "id": 12,
            "width": 51,
            "x": 2093,
            "y": 1451
        },
        {
            "class": "S.aureus",
            "height": 42,
            "id": 13,
            "width": 42,
            "x": 2492,
            "y": 2058
        },
        {
            "class": "S.aureus",
            "height": 39,
            "id": 14,
            "width": 39,
            "x": 2390,
            "y": 2172
        },
        {
            "class": "S.aureus",
            "height": 42,
            "id": 15,
            "width": 42,
            "x": 2050,
            "y": 2016
        },
        {
            "class": "S.aureus",
            "height": 42,
            "id": 16,
            "width": 42,
            "x": 1910,
            "y": 2049
        },
        {
            "class": "S.aureus",
            "height": 32,
            "id": 17,
            "width": 32,
            "x": 2348,
            "y": 2631
        },
        {
            "class": "S.aureus",
            "height": 29,
            "id": 18,
            "width": 29,
            "x": 2427,
            "y": 2603
        },
        {
            "class": "S.aureus",
            "height": 39,
            "id": 19,
            "width": 39,
            "x": 1979,
            "y": 2848
        },
        {
            "class": "S.aureus",
            "height": 39,
            "id": 20,
            "width": 39,
            "x": 1477,
            "y": 2931
        },
        {
            "class": "S.aureus",
            "height": 47,
            "id": 21,
            "width": 47,
            "x": 1551,
            "y": 2491
        },
        {
            "class": "S.aureus",
            "height": 42,
            "id": 22,
            "width": 42,
            "x": 1137,
            "y": 2557
        },
        {
            "class": "S.aureus",
            "height": 47,
            "id": 23,
            "width": 47,
            "x": 588,
            "y": 2787
        },
        {
            "class": "S.aureus",
            "height": 42,
            "id": 24,
            "width": 42,
            "x": 902,
            "y": 2567
        },
        {
            "class": "S.aureus",
            "height": 42,
            "id": 25,
            "width": 42,
            "x": 1355,
            "y": 2060
        },
        {
            "class": "S.aureus",
            "height": 35,
            "id": 26,
            "width": 35,
            "x": 1480,
            "y": 1992
        },
        {
            "class": "S.aureus",
            "height": 39,
            "id": 27,
            "width": 39,
            "x": 1622,
            "y": 2170
        },
        {
            "class": "S.aureus",
            "height": 47,
            "id": 28,
            "width": 47,
            "x": 1713,
            "y": 1902
        },
        {
            "class": "S.aureus",
            "height": 39,
            "id": 29,
            "width": 39,
            "x": 1671,
            "y": 1763
        },
        {
            "class": "S.aureus",
            "height": 47,
            "id": 30,
            "width": 47,
            "x": 1398,
            "y": 797
        },
        {
            "class": "P.aeruginosa",
            "height": 96,
            "id": 31,
            "width": 96,
            "x": 1870,
            "y": 1450
        },
        {
            "class": "P.aeruginosa",
            "height": 72,
            "id": 32,
            "width": 72,
            "x": 1932,
            "y": 1482
        },
        {
            "class": "P.aeruginosa",
            "height": 207,
            "id": 33,
            "width": 207,
            "x": 1841,
            "y": 1829
        },
        {
            "class": "P.aeruginosa",
            "height": 188,
            "id": 34,
            "width": 188,
            "x": 1622,
            "y": 1817
        },
        {
            "class": "P.aeruginosa",
            "height": 207,
            "id": 35,
            "width": 207,
            "x": 1902,
            "y": 2205
        },
        {
            "class": "P.aeruginosa",
            "height": 188,
            "id": 36,
            "width": 188,
            "x": 1756,
            "y": 2711
        },
        {
            "class": "P.aeruginosa",
            "height": 60,
            "id": 37,
            "width": 60,
            "x": 2211,
            "y": 2730
        },
        {
            "class": "P.aeruginosa",
            "height": 171,
            "id": 38,
            "width": 171,
            "x": 1362,
            "y": 2549
        },
        {
            "class": "P.aeruginosa",
            "height": 188,
            "id": 39,
            "width": 188,
            "x": 1176,
            "y": 2504
        },
        {
            "class": "P.aeruginosa",
            "height": 156,
            "id": 40,
            "width": 156,
            "x": 817,
            "y": 2770
        },
        {
            "class": "P.aeruginosa",
            "height": 129,
            "id": 41,
            "width": 129,
            "x": 818,
            "y": 2926
        }
    ],
    "sample_id": 12028
}