{
    "background": "vague",
    "classes": [
        "E.coli",
        "S.aureus"
    ],
    "colonies_number": 56,
    "labels": [
        {
            "class": "S.aureus",
            "height": 57,
            "id": 1,
            "width": 57,
            "x": 981,
            "y": 1533
        },
        {
            "class": "S.aureus",
            "height": 57,
            "id": 2,
            "width": 57,
            "x": 1185,
            "y": 1493
        },
        {
            "class": "S.aureus",
            "height": 57,
            "id": 3,
            "width": 57,
            "x": 870,
            "y": 1765
        },
        {
            "class": "S.aureus",
            "height": 57,
            "id": 4,
            "width": 57,
            "x": 815,
            "y": 1825
        },
        {
            "class": "S.aureus",
            "height": 57,
            "id": 5,
            "width": 57,
            "x": 1175,
            "y": 2230
        },
        {
            "class": "S.aureus",
            "height": 57,
            "id": 6,
            "width": 57,
            "x": 1256,
            "y": 2206
        },
        {
            "class": "S.aureus",
            "height": 57,
            "id": 7,
            "width": 57,
            "x": 1474,
            "y": 2163
        },
        {
            "class": "S.aureus",
            "height": 57,
            "id": 8,
            "width": 57,
            "x": 1033,
            "y": 2335
        },
        {
            "class": "S.aureus",
            "height": 57,
            "id": 9,
            "width": 57,
            "x": 1139,
            "y": 2315
        },
        {
            "class": "S.aureus",
            "height": 57,
            "id": 10,
            "width": 57,
            "x": 1683,
            "y": 2575
        },
        {
            "class": "S.aureus",
            "height": 57,
            "id": 11,
            "width": 57,
            "x": 1162,
            "y": 2760
        },
        {
            "class": "S.aureus",
            "height": 57,
            "id": 12,
            "width": 57,
            "x": 957,
            "y": 2665
        },
        {
            "class": "S.aureus",
            "height": 57,
            "id": 13,
            "width": 57,
            "x": 1394,
            "y": 2894
        },
        {
            "class": "S.aureus",
            "height": 57,
            "id": 14,
            "width": 57,
            "x": 1764,
            "y": 3020
        },
        {
            "class": "S.aureus",
            "height": 39,
            "id": 15,
            "width": 39,
            "x": 1963,
            "y": 2970
        },
        {
            "class": "S.aureus",
            "height": 51,
            "id": 16,
            "width": 51,
            "x": 1164,
            "y": 2913
        },
        {
            "class": "S.aureus",
            "height": 47,
            "id": 17,
            "width": 47,
            "x": 221,
            "y": 1670
        },
        {
            "class": "S.aureus",
            "height": 51,
            "id": 18,
            "width": 51,
            "x": 867,
            "y": 1173
        },
        {
            "class": "S.aureus",
            "height": 51,
            "id": 19,
            "width": 51,
            "x": 719,
            "y": 1133
        },
        {
            "class": "S.aureus",
            "height": 51,
            "id": 20,
            "width": 51,
            "x": 1319,
            "y": 1238
        },
        {
            "class": "S.aureus",
            "height": 57,
            "id": 21,
            "width": 57,
            "x": 1474,
            "y": 1120
        },
        {
            "class": "S.aureus",
            "height": 39,
            "id": 22,
            "width": 39,
            "x": 1958,
            "y": 1399
        },
        {
            "class": "S.aureus",
            "height": 57,
            "id": 23,
            "width": 57,
            "x": 2321,
            "y": 1450
        },
        {
            "class": "S.aureus",
            "height": 32,
            "id": 24,
            "width": 32,
            "x": 2337,
            "y": 1688
        },
        {
            "class": "S.aureus",
            "height": 57,
            "id": 25,
            "width": 57,
            "x": 2098,
            "y": 1829
        },
        {
            "class": "S.aureus",
            "height": 51,
            "id": 26,
            "width": 51,
            "x": 1888,
            "y": 1856
        },
        {
            "class": "S.aureus",
            "height": 57,
            "id": 27,
            "width": 57,
            "x": 1739,
            "y": 2127
        },
        {
            "class": "S.aureus",
            "height": 57,
            "id": 28,
            "width": 57,
            "x": 1543,
            "y": 2071
        },
        {
            "class": "S.aureus",
            "height": 51,
            "id": 29,
            "width": 51,
            "x": 1707,
            "y": 1922
        },
        {
            "class": "S.aureus",
            "height": 57,
            "id": 30,
            "width": 57,
            "x": 1538,
            "y": 1830
        },
        {
            "class": "S.aureus",
            "height": 42,
            "id": 31,
            "width": 42,
            "x": 2091,
            "y": 2524
        },
        {
            "class": "S.aureus",
            "height": 47,
            "id": 32,
            "width": 47,
            "x": 2452,
            "y": 2498
        },
        {
            "class": "E.coli",
            "height": 207,
            "id": 33,
            "width": 207,
            "x": 683,
            "y": 1100
        },
        {
            "class": "E.coli",
            "height": 128,
            "id": 34,
            "width": 128,
            "x": 465,
            "y": 1130
        },
        {
            "class": "E.coli",
            "height": 207,
            "id": 35,
            "width": 207,
            "x": 1532,
            "y": 1059
        },
        {
            "class": "E.coli",
            "height": 141,
            "id": 36,
            "width": 141,
            "x": 1960,
            "y": 974
        },
        {
            "class": "E.coli",
            "height": 228,
            "id": 37,
            "width": 228,
            "x": 1782,
            "y": 1217
        },
        {
            "class": "E.coli",
            "height": 188,
            "id": 38,
            "width": 188,
            "x": 1522,
            "y": 1301
        },
        {
            "class": "E.coli",
            "height": 141,
            "id": 39,
            "width": 141,
            "x": 1770,
            "y": 1476
        },
        {
            "class": "E.coli",
            "height": 188,
            "id": 40,
            "width": 188,
            "x": 1687,
            "y": 1500
        },
        {
            "class": "E.coli",
            "height": 207,
            "id": 41,
            "width": 207,
            "x": 1546,
            "y": 1475
        },
        {
            "class": "E.coli",
            "height": 228,
            "id": 42,
            "width": 228,
            "x": 2101,
            "y": 1840
        },
        {
            "class": "E.coli",
            "height": 207,
            "id": 43,
            "width": 207,
            "x": 1525,
            "y": 2117
        },
        {
            "class": "E.coli",
            "height": 276,
            "id": 44,
            "width": 276,
            "x": 1246,
            "y": 2184
        },
        {
            "class": "S.aureus",
            "height": 32,
            "id": 45,
            "width": 32,
            "x": 1301,
            "y": 2465
        },
        {
            "class": "E.coli",
            "height": 276,
            "id": 46,
            "width": 276,
            "x": 1421,
            "y": 2505
        },
        {
            "class": "E.coli",
            "height": 250,
            "id": 47,
            "width": 250,
            "x": 1750,
            "y": 2874
        },
        {
            "class": "E.coli",
            "height": 188,
            "id": 48,
            "width": 188,
            "x": 1109,
            "y": 3076
        },
        {
            "class": "E.coli",
            "height": 228,
            "id": 49,
            "width": 228,
            "x": 972,
            "y": 2842
        },
        {
            "class": "E.coli",
            "height": 155,
            "id": 50,
            "width": 155,
            "x": 2047,
            "y": 2609
        },
        {
            "class": "E.coli",
            "height": 141,
            "id": 51,
            "width": 141,
            "x": 651,
            "y": 2639
        },
        {
            "class": "E.coli",
            "height": 155,
            "id": 52,
            "width": 155,
            "x": 526,
            "y": 2570
        },
        {
            "class": "E.coli",
            "height": 155,
            "id": 53,
            "width": 155,
            "x": 467,
            "y": 2689
        },
        {
            "class": "E.coli",
            "height": 276,
            "id": 54,
            "width": 276,
            "x": 358,
            "y": 2015
        },
        {
            "class": "E.coli",
            "height": 207,
            "id": 55,
            "width": 207,
            "x": 206,
            "y": 1883
        },
        {
            "class": "E.coli",
            "height": 155,
            "id": 56,
            "width": 155,
            "x": 139,
            "y": 2171
        }
    ],
    "sample_id": 12031
}