{
    "background": "vague",
    "classes": [
        "E.coli",
        "S.aureus"
    ],
    "colonies_number": 24,
    "labels": [
        {
            "class": "S.aureus",
            "height": 42,
            "id": 1,
            "width": 42,
            "x": 1043,
            "y": 2976
        },
        {
            "class": "S.aureus",
            "height": 35,
            "id": 2,
            "width": 35,
            "x": 930,
            "y": 2086
        },
        {
            "class": "S.aureus",
            "height": 35,
            "id": 3,
            "width": 35,
            "x": 829,
            "y": 1727
        },
        {
            "class": "S.aureus",
            "height": 29,
            "id": 4,
            "width": 29,
            "x": 1943,
            "y": 1845
        },
        {
            "class": "S.aureus",
            "height": 39,
            "id": 5,
            "width": 39,
            "x": 2557,
            "y": 2311
        },
        {
            "class": "S.aureus",
            "height": 26,
            "id": 6,
            "width": 26,
            "x": 1993,
            "y": 1560
        },
        {
            "class": "E.coli",
            "height": 117,
            "id": 7,
            "width": 117,
            "x": 1606,
            "y": 787
        },
        {
            "class": "E.coli",
            "height": 106,
            "id": 8,
            "width": 106,
            "x": 1800,
            "y": 929
        },
        {
            "class": "E.coli",
            "height": 155,
            "id": 9,
            "width": 155,
            "x": 2029,
            "y": 1196
        },
        {
            "class": "E.coli",
            "height": 128,
            "id": 10,
            "width": 128,
            "x": 2471,
            "y": 1717
        },
        {
            "class": "E.coli",
            "height": 128,
            "id": 11,
            "width": 128,
            "x": 2013,
            "y": 1971
        },
        {
            "class": "E.coli",
            "height": 128,
            "id": 12,
            "width": 128,
            "x": 2115,
            "y": 2208
        },
        {
            "class": "E.coli",
            "height": 96,
            "id": 13,
            "width": 96,
            "x": 1917,
            "y": 2249
        },
        {
            "class": "E.coli",
            "height": 117,
            "id": 14,
            "width": 117,
            "x": 1939,
            "y": 2690
        },
        {
            "class": "E.coli",
            "height": 128,
            "id": 15,
            "width": 128,
            "x": 1905,
            "y": 2848
        },
        {
            "class": "E.coli",
            "height": 128,
            "id": 16,
            "width": 128,
            "x": 1782,
            "y": 2875
        },
        {
            "class": "E.coli",
            "height": 141,
            "id": 17,
            "width": 141,
            "x": 1808,
            "y": 3017
        },
        {
            "class": "E.coli",
            "height": 128,
            "id": 18,
            "width": 128,
            "x": 1589,
            "y": 2986
        },
        {
            "class": "E.coli",
            "height": 141,
            "id": 19,
            "width": 141,
            "x": 1495,
            "y": 2852
        },
        {
            "class": "E.coli",
            "height": 155,
            "id": 20,
            "width": 155,
            "x": 670,
            "y": 3012
        },
        {
            "class": "E.coli",
            "height": 87,
            "id": 21,
            "width": 87,
            "x": 630,
            "y": 2498
        },
        {
            "class": "E.coli",
            "height": 171,
            "id": 22,
            "width": 171,
            "x": 922,
            "y": 1275
        },
        {
            "class": "E.coli",
            "height": 188,
            "id": 23,
            "width": 188,
            "x": 856,
            "y": 1517
        },
        {
            "class": "E.coli",
            "height": 171,
            "id": 24,
            "width": 171,
            "x": 1037,
            "y": 1521
        }
    ],
    "sample_id": 12033
}